name,price,description,image,category_id
Điện thoại POCO C71 (3GB/64GB) - Hàng Chính Hãng,1790000,,https://salt.tikicdn.com/cache/280x280/ts/product/d4/f9/f2/026a34fe00e78c99864f83c42eb82870.png,1789
Điện thoại Honor Play 10 - Hàng Chính Hãng,1590000,,https://salt.tikicdn.com/cache/280x280/ts/product/44/9b/56/4eee54136eddd68fca03ec78ce6166ff.jpg,1789
Điện thoại Tecno SPARK GO 2 ( 4GB - 64GB) - Hàng Chính Hãng,2090000,,https://salt.tikicdn.com/cache/280x280/ts/product/df/71/2b/2fd0f84d2f307414173239f8234732c1.jpg,1789
Điện thoại ZTE V70 Design (8GB/128GB) - Hàng Chính Hãng,2290000,,https://salt.tikicdn.com/cache/280x280/ts/product/8b/02/9a/38815bd9acfd998ed9b63581b1877021.png,1789
Điện thoại ZTE V70 MAX (6GB/128GB) - Hàng Chính Hãng,2090000,,https://salt.tikicdn.com/cache/280x280/ts/product/06/34/08/aa27f195c0c7c9b05999e2207a57393f.jpg,1789
Điện thoại ZTE A55 (4GB/64GB) - Hàng Chính Hãng,1490000,,https://salt.tikicdn.com/cache/280x280/ts/product/a2/f4/e8/464439ac0db8cd8d7924710c9295d0c4.jpg,1789
Điện thoại ZTE A34 (4GB/64GB) - Hàng Chính Hãng,1390000,,https://salt.tikicdn.com/cache/280x280/ts/product/25/8a/17/d870854d4207ece96439971bd44ed4bc.jpg,1789
Điện thoại Realme C75X (8GB/256GB) - Hàng Chính Hãng,4150000,,https://salt.tikicdn.com/cache/280x280/ts/product/79/80/1d/bbf6cb4042eb65273ea53254df68d800.jpg,1789
"Điện Thoại Samsung Galaxy A17 5G, Camera 50MP & IOS, Kính Cường Lực Gorilla Victus, AI Gemini - Hàng Chính Hãng",4090000,,https://salt.tikicdn.com/cache/280x280/ts/product/e1/15/fc/e25ade3b1844bf9e1047ad291d12057e.jpg,1789
Máy Tính Bảng Samsung Galaxy Tab A11 WiFi 4GB/64GB - Đã Kích Hoạt Bảo Hành Điện Tử - Hàng Chính Hãng,2990000,,https://salt.tikicdn.com/cache/280x280/ts/product/c8/0d/8a/eca6b95e78cbeb16863a2bedbf8f5691.png,1789
Máy tính bảng Xiaomi Redmi Pad 2 WiFi 6GB/128GB - Hàng chính hãng,4390000,,https://salt.tikicdn.com/cache/280x280/ts/product/99/bc/59/5e800aedffbe82a3f44aadae424d6367.jpg,1789
Điện thoại Xiaomi Redmi 15 8GB/128GB - Hàng Chính Hãng,3850000,,https://salt.tikicdn.com/cache/280x280/ts/product/4c/71/3c/36b4215a1ae89390b06734dda2e6f5a3.jpg,1789
Apple iPhone 17 -  Tím Oải Hương   - 256GB,24650000,,https://salt.tikicdn.com/cache/280x280/ts/product/7e/43/c0/1e84c3991c2a01bb92609374625fa4b8.jpg,1789
Apple iPhone 17 Pro Max,43490000,,https://salt.tikicdn.com/cache/280x280/ts/product/85/50/d4/92da5535f827912efd1738af616cab42.jpg,1789
Apple iPhone 17 Pro,33750000,,https://salt.tikicdn.com/cache/280x280/ts/product/1d/5d/d1/3110f40a082220366ea047f174a2e837.jpg,1789
Điện thoại POCO C85 (8GB/256GB) - Hàng Chính Hãng,3250000,,https://salt.tikicdn.com/cache/280x280/ts/product/b1/47/7c/a72c5bf43710aea800af0a44b94650c9.jpg,1789
Điện thoại POCO C85 (6GB/128GB) - Hàng Chính Hãng,2690000,,https://salt.tikicdn.com/cache/280x280/ts/product/77/a9/f3/e6e5319b030cd65e43eea92cb3bb8f5c.jpg,1789
"Điện Thoại Samsung Galaxy S25 FE (8/128GB), Concert Camera 50MP, Pin bền bỉ, Trợ thủ AI thông minh - Hàng chính hãng",11990000,,https://salt.tikicdn.com/cache/280x280/ts/product/3f/c0/aa/9bb18996968dea5e65e28bcfb330128c.jpg,1789
 Điện Thoại Samsung Galaxy S24 FE (8GB/128GB) - Hàng Chính Hãng,10290000,,https://salt.tikicdn.com/cache/280x280/ts/product/76/df/d8/0001935cd6aadcc398fbcb510ff7dd5e.png,1789
Điện Thoại Samsung Galaxy A16 LTE (4GB/128GB) - Hàng Chính Hãng,2990000,,https://salt.tikicdn.com/cache/280x280/ts/product/46/fa/5a/644e48d8b6e4d46da1209a309f7a2f9d.png,1789
Điện thoại Xiaomi Redmi 13x - Hàng chính hãng,4220000,,https://salt.tikicdn.com/cache/280x280/ts/product/c3/47/f4/40d2c2d4fbc5f433dfb7ac686475e2ee.jpg,1789
"Điện thoại Samsung Galaxy Z Fold7, Điện thoại AI, Camera 200MP, Màn hình 8.0"" tối ưu đa nhiệm, Mỏng nhẹ nhất - Hàng Chính Hãng",35790000,,https://salt.tikicdn.com/cache/280x280/ts/product/9a/52/1a/4e8e2c9db4ccdc13978345d0ef1487d7.JPG,1789
Điện thoại OPPO A3 8GB/128GB - Hàng Chính Hãng,4090000,,https://salt.tikicdn.com/cache/280x280/ts/product/06/86/b4/83714e05899252ed2497c12553219ae0.jpg,1789
Điện thoại OPPO Reno13 F 5G 12GB/512GB - Hàng Chính Hãng,7990000,,https://salt.tikicdn.com/cache/280x280/ts/product/5f/c7/5d/e8f39d53e1324bd2536ee9eae98ee988.png,1789
"Điện thoại Samsung Galaxy A26 5G (8/128GB), Mặt lưng kính, AI-Circle to Search, Camera HDR chụp đêm sáng rõ - Hàng chính hãng",5250000,,https://salt.tikicdn.com/cache/280x280/ts/product/e3/9d/b3/7a965246188ce9d42ea6041b66f707da.jpg,1789
Máy tính bảng iPad Gen 11 (A16) WiFi,8490000,,https://salt.tikicdn.com/cache/280x280/ts/product/32/b8/2c/128f7fd04a851c66e26be782fdb7b64e.jpg,1789
Apple iPad Air M3 11-Inch Wi-Fi,13250000,,https://salt.tikicdn.com/cache/280x280/ts/product/87/e7/89/8f7f0a04f7c606764617d8d724b172ab.jpg,1789
"Điện thoại Samsung Galaxy A06 5G (4/128GB), Màn Hình Cực Đại HD+ 6.7”, 5G Kết nối cực nhanh - Hàng chính hãng",2460000,,https://salt.tikicdn.com/cache/280x280/ts/product/ce/dc/3e/d8a2962b5cdaf6baa704b7beb33576c1.jpg,1789
Điện Thoại Samsung Galaxy A56 5G - Hàng Chính Hãng,7290000,,https://salt.tikicdn.com/cache/280x280/ts/product/0e/04/3c/4846407d1f00e6d8cf815d326a2e078e.jpg,1789
"Điện thoại Samsung Galaxy S25, Điện thoại AI, Tìm kiếm thông minh, Video camera đêm Nightography, Chip Snapdragon - Hàng Chính Hãng",15490000,,https://salt.tikicdn.com/cache/280x280/ts/product/3a/f1/92/26171c22498fcfa3f602d8666f239eae.jpg,1789
Điện thoại Xiaomi Redmi Note 14 6GB/128GB - Hàng Chính Hãng,3790000,,https://salt.tikicdn.com/cache/280x280/ts/product/0b/fb/e0/8b6b96db507c4d58a84c021a2f10bd34.png,1789
"Điện thoại ZTE Libero 5G IV - 4GB/128GB Dimensity 700 , Kháng nước IP67 , Sạc nhanh 22,5W - Mới nguyên seal - Hàng nhập khẩu",2199000,,https://salt.tikicdn.com/cache/280x280/ts/product/81/00/e6/90ead980cb6221148ca246fc9c14e623.jpg,1789
Máy Tính Bảng Samsung Galaxy Tab A9 Plus Wifi 4GB/64GB - Đã Kích Hoạt Bảo Hành Điện Tử - Hàng Chính Hãng,3520000,,https://salt.tikicdn.com/cache/280x280/ts/product/11/05/33/c86a2665b38da0da05c3dde562cf022c.png,1789
iPhone 15,17250000,,https://salt.tikicdn.com/cache/280x280/ts/product/6c/6c/9e/f3464d16a782e0d9ed5f74d98f155642.png,1789
Điện Thoại Nokia 105 4G Pro - Hàng Chính Hãng,768000,,https://salt.tikicdn.com/cache/280x280/ts/product/61/c1/bc/e622f228caee685ecadda0d275987c72.png,1789
Điện Thoại Oppo A58 6GB/128GB - Hàng Chính Hãng,4090000,,https://salt.tikicdn.com/cache/280x280/ts/product/91/e7/7e/24461c4d1f848b11eaa4ff444f1ec5f9.jpg,1789
Apple iPhone 14,13750000,,https://salt.tikicdn.com/cache/280x280/ts/product/3b/95/ec/5b2c7ec0e09565f399a0a184bd71696b.png,1789
Điện thoại bàn Panasonic KX-TGF310 hàng chính hãng,2350000,,https://salt.tikicdn.com/cache/280x280/ts/product/dc/72/f9/bbe51405ebc1681123970efd01f32163.jpg,1789
Điện thoại bàn Panasonic  KX-TS500MX-hàng chính hãng,320000,,https://salt.tikicdn.com/cache/280x280/ts/product/be/09/b7/55917b01ae380cdb1e6acce0ae683370.jpg,1789
Máy đọc sách All New Kindle Paperwhite 5 (11th Gen) - Hàng nhập khẩu,3990000,,https://salt.tikicdn.com/cache/280x280/ts/product/14/2f/c6/a161edd03cf817a13d4c3255d1467f0a.jpg,1789
Điện thoại Honor X6c - Hàng Chính Hãng,2990000,,https://salt.tikicdn.com/cache/280x280/ts/product/3b/3b/5d/8837ad400769ad8a9550df61533fde45.jpeg,1789
Điện thoại Xiaomi Redmi Note 14 Pro 12GB/256GB - Hàng Chính Hãng,5950000,,https://salt.tikicdn.com/cache/280x280/ts/product/8c/c8/00/676098509f3b7b6568acbf60932e1884.jpg,1789
Điện thoại Xiaomi Redmi Note 14 Pro 8GB/256GB - Hàng Chính Hãng,5550000,,https://salt.tikicdn.com/cache/280x280/ts/product/d5/42/26/2c20bdffbb4cf7a923fb198e5f652a77.jpg,1789
Điện thoại Xiaomi Redmi Note 14 8GB/256GB - Hàng Chính Hãng,4690000,,https://salt.tikicdn.com/cache/280x280/ts/product/76/d3/c0/e6e1a29016892947afcee13970aa9686.jpg,1789
Điện thoại Realme P3 Lite ( 4GB/128GB) - Hàng Chính hãng - Xanh Rừng Thông ,2750000,,https://salt.tikicdn.com/cache/280x280/ts/product/99/e6/6c/043d72c7c51d5bfb46acf0d3f06fc304.jpg,1789
Điện thoại Xiaomi Redmi 15C (4GB/128GB) - Hàng chính hãng,2890000,,https://salt.tikicdn.com/cache/280x280/ts/product/93/80/a5/86e350416e22da325c5264fa380eb42d.jpg,1789
Điện thoại Xiaomi Poco C71 (3GB/64GB) - Hàng chính hãng,2680000,,https://salt.tikicdn.com/cache/280x280/ts/product/fd/23/9e/729799ef06351680d854449923ff4281.jpg,1789
Điện thoại Realme C75 (8GB/128GB)  - Hàng Chính Hãng,3850000,,https://salt.tikicdn.com/cache/280x280/ts/product/ec/79/d4/4ac358aee1c3581a4dab012efafca939.jpeg,1789
Điện thoại Realme C75X (6GB/128GB) - Hàng Chính Hãng,3650000,,https://salt.tikicdn.com/cache/280x280/ts/product/0a/00/bd/21356896ae43a875038355d8b270216e.png,1789
Điện thoại Realme Note 70 (4GB/128GB) - Hàng Chính Hãng,2690000,,https://salt.tikicdn.com/cache/280x280/ts/product/c3/ae/48/69a37fe0b519e173ad2ecaf008e1c7f9.jpg,1789
Điện Thoại Realme Note 60x 4GB/64GB - Hàng Chính Hãng,2090000,,https://salt.tikicdn.com/cache/280x280/ts/product/68/b5/7e/b14cf6043ed3d0349697710c9932a8af.png,1789
Máy tính bảng iPad Pro M5 11 inch WiFi,28990000,,https://salt.tikicdn.com/cache/280x280/ts/product/1c/6f/3f/3b87a4591f8d2fa33b26d0bafa4aab90.jpeg,1789
Điện Thoại Xiaomi POCO C85 8GB/256GB - Hàng Chính Hãng,3439000,,https://salt.tikicdn.com/cache/280x280/ts/product/ab/0c/93/02c04cfd17f5ae69aed9f07f873bf069.jpg,1789
Điện Thoại Xiaomi Redmi Note 14 8GB/256GB - Hàng Chính Hãng,5109000,,https://salt.tikicdn.com/cache/280x280/ts/product/e9/57/7c/9fd1a6e6b53d76046da7443a04ebbd3b.jpg,1789
Điện Thoại Xiaomi Redmi Note 14 8GB/128GB - Hàng Chính Hãng,5490000,,https://salt.tikicdn.com/cache/280x280/ts/product/c9/1c/b3/424cbae781cc1738e0e4f79e09a837a7.jpg,1789
Máy Tính Bảng Galaxy Tab S11 Wifi (12GB/128GB) - Hàng Chính Hãng,14990000,,https://salt.tikicdn.com/cache/280x280/ts/product/73/5f/d3/b34d66b7e431f37a94a2587a84f2a517.jpg,1789
Điện Thoại Xiaomi 15T Pro 5G 12GB/512GB - Hàng Chính Hãng,16429000,,https://salt.tikicdn.com/cache/280x280/ts/product/bb/9e/78/99c9c4cb684745c9f01964b8548c4257.jpg,1789
Điện thoại POCO C71 (4GB/128GB) - Hàng Chính Hãng,2050000,,https://salt.tikicdn.com/cache/280x280/ts/product/b5/b1/92/46599ee26897df18dd01db672aa7ac74.png,1789
"Điện Thoại Samsung Galaxy A17 LTE (8/128GB), Kính Cường Lực Gorilla Victus, Camera 50MP & IOS, AI Gemini - Hàng Chính Hãng",4350000,,https://salt.tikicdn.com/cache/280x280/ts/product/9d/6d/b7/ac0cf6627957a9807103864b3cc18e7e.jpg,1789
Máy Tính Bảng Galaxy Tab S10 FE Wifi (8GB/128GB) - Hàng Chính Hãng,8490000,,https://salt.tikicdn.com/cache/280x280/ts/product/54/9d/a3/432eddf53e1681ff4d68ad12d67faa3b.jpg,1789
Điện Thoại Xiaomi Redmi 13 6GB/128GB - Hàng Chính Hãng,2939000,,https://salt.tikicdn.com/cache/280x280/ts/product/67/24/2d/17d53a9ca3b08d40d39bff3b6fb979cb.jpg,1789
Điện Thoại Samsung Galaxy A06 5G 4GB/128GB - Hàng Chính Hãng,2749000,,https://salt.tikicdn.com/cache/280x280/ts/product/54/43/66/455eeffaf69969ae183e6e8bf44649d9.jpg,1789
Máy tính bảng iPad Gen 11 (A16) WiFi + Cellular,12750000,,https://salt.tikicdn.com/cache/280x280/ts/product/5e/23/2c/54e91d0ed216ddfa7bb5d9bfa20a534c.jpg,1789
Điện Thoại Samsung Galaxy A36 5G 8GB/128GB - Hàng Chính Hãng,6639000,,https://salt.tikicdn.com/cache/280x280/ts/product/1d/33/6b/a090d6f8da2d6a4b0e2fb94b37169ff4.jpg,1789
Điện Thoại Xiaomi Redmi Note 14 6GB/128GB - Hàng Chính Hãng,4129000,,https://salt.tikicdn.com/cache/280x280/ts/product/43/76/dd/fd7ecc94870f560a97962f4e803786db.jpg,1789
Điện thoại Xiaomi Redmi 14C (4GB/128GB) - Hàng chính hãng,3290000,,https://salt.tikicdn.com/cache/280x280/ts/product/38/97/5d/3cda0fba7efa3a90c3bae17bd0cce6fe.jpg,1789
Điện thoại Samsung Galaxy A16 LTE - Hàng chính hãng,5040000,,https://salt.tikicdn.com/cache/280x280/ts/product/fb/78/0c/f88ea8836a305f29cfe7f21a0f4029f2.jpg,1789
"Máy đọc sách New Kindle 2024, 16Gb Mới nguyên Seal - Hàng chính hãng",3990000,,https://salt.tikicdn.com/cache/280x280/ts/product/81/97/07/ef850ab65d627136e37df90097857451.jpg,1789
"Combo Máy đọc sách Amazon Kindle Paperwhite 6 (Gen 12th) Kèm Bao Da, Mới nguyên Seal - Hàng chính hãng",4890000,,https://salt.tikicdn.com/cache/280x280/ts/product/01/be/79/15314677596e5076541f60fc98999dbe.jpg,1789
"Máy đọc sách Amazon Kindle Paperwhite 6 (Gen 12th), Mới nguyên Seal - Hàng chính hãng",4890000,,https://salt.tikicdn.com/cache/280x280/ts/product/59/e7/74/68080c04130bb376a971ea54196b6f60.jpg,1789
Điện thoại Masstel izi 16 4G - Hàng chính hãng,609000,,https://salt.tikicdn.com/cache/280x280/ts/product/20/10/20/0590c71068184207b66d1a0e6cd6e0af.jpg,1789
Điện Thoại Nokia 220 4G - Hàng Chính Hãng,1039000,,https://salt.tikicdn.com/cache/280x280/ts/product/c2/86/5c/a027350956eb8d6ea6adc459ab55a6d8.jpg,1789
Máy tính bảng Samsung Galaxy Tab A9+ 5G - Hàng chính hãng,7440000,,https://salt.tikicdn.com/cache/280x280/ts/product/bc/8a/67/cb76bcc917433f61c1f461a4bc9af7fe.jpg,1789
Điện thoại Xiaomi Redmi Note 10 JE 5G 4GB/64GB - Màn 90HZ - Chống Nước IP68 - Hàng Nhập Khẩu - Bản quốc tế,3990000,,https://salt.tikicdn.com/cache/280x280/ts/product/d4/e9/12/02af66cd50c05398bb27285f43905e85.jpg,1789
Combo Máy đọc sách All New Kindle Paperwhite 5 (11th Gen) và Bao da - Hàng nhập khẩu,3980000,,https://salt.tikicdn.com/cache/280x280/ts/product/49/a2/d4/83480282bdbfdf80ce2cfd66ce99ee23.jpg,1789
Điện Thoại Bàn Panasonic KX-TSC11 - Hàng Chính Hãng - Trắng,620000,,https://salt.tikicdn.com/cache/280x280/ts/product/84/dd/92/991b033392f01d334d1ce248d69e1daa.jpg,1789
Combo máy đọc sách Kindle Paperwhite 5 (11th gen) tặng kèm bao da ( Cover ) - Hàng nhập khẩu,3590000,,https://salt.tikicdn.com/cache/280x280/ts/product/05/49/8f/e093321a9f3ed55fe77e8c83bfca8c55.jpg,1789
Apple iPhone 13,12250000,,https://salt.tikicdn.com/cache/280x280/ts/product/dd/2b/a6/fefd132c5ba9b5629c0119f57549e5d4.png,1789
Điện thoại bàn Panasonix KX-TGD312 hàng chính hãng,1850000,,https://salt.tikicdn.com/cache/280x280/ts/product/a9/d3/c3/e0db04f1b762462ca82d6f0aac15909d.jpg,1789
Pin Sạc Dự Phòng Energizer 10.000mAh QC 3.0 UE10015CQ (Màu Ngẫu nhiên),50000,,https://salt.tikicdn.com/cache/280x280/ts/product/ca/1d/a8/32dabe3bec14fdce3c3facfe66f8fade.jpg,1789
Điện thoại Tecno SPARK 30 5G ( 6GB/128GB) - Hàng Chính Hãng,3090000,,https://salt.tikicdn.com/cache/280x280/ts/product/77/58/df/51b28e532dc65df27799d26b7782f9f5.jpg,1789
Điện thoại Realme C75X (8GB/128GB) - Hàng Chính Hãng,3850000,,https://salt.tikicdn.com/cache/280x280/ts/product/5f/a4/52/6fe821478fe50cbf3a274ef792e916b6.jpg,1789
Điện Thoại Xiaomi POCO M6 8GB/256GB - Hàng Chính Hãng,3899000,,https://salt.tikicdn.com/cache/280x280/ts/product/e1/12/40/c5f9ef5d77464986292ef6be77f1ee27.jpg,1789
Điện thoại Oppo A6 Pro (8GB/256GB) - Hàng chính hãng,8240000,,https://salt.tikicdn.com/cache/280x280/ts/product/f6/c1/73/38e2438bf79ce17d9e5c544addd3a73a.jpg,1789
Máy tính bảng Samsung Galaxy Tab A11 Wifi (4GB/64GB) - Hàng chính hãng,3960000,,https://salt.tikicdn.com/cache/280x280/ts/product/62/45/d7/36e8a1e25d3f3e6e429b4f53c1537dce.jpg,1789
Điện thoại Xiaomi Redmi 13x (6GB/128GB) - Hàng chính hãng,4260000,,https://salt.tikicdn.com/cache/280x280/ts/product/66/db/8b/7dd11b58e0ada60fd8feb663b6bf84d0.jpg,1789
Điện thoại Samsung Galaxy A07 LTE (4GB/64GB) - Hàng chính hãng,3060000,,https://salt.tikicdn.com/cache/280x280/ts/product/22/0e/67/f826df11d04c141585132264132384fd.jpg,1789
Điện thoại Samsung Galaxy A17 5G (8GB/128GB) - Hàng chính hãng,5549000,,https://salt.tikicdn.com/cache/280x280/ts/product/93/3f/52/65f793de74a6795090da5f7fc9517023.jpg,1789
Điện thoại Samsung Galaxy A07 LTE (4GB/128GB) - Hàng chính hãng,2969000,,https://salt.tikicdn.com/cache/280x280/ts/product/22/0e/67/135204b4e3d327bd7fb0489515206d84.jpg,1789
Điện thoại Xiaomi Redmi 15 (8GB/128GB) - Hàng chính hãng,4519000,,https://salt.tikicdn.com/cache/280x280/ts/product/ec/39/84/f8e5c18f1f7ff5eac995acba2422ea9b.jpg,1789
Điện thoại Xiaomi Redmi 15 (6GB/128GB) - Hàng chính hãng,4760000,,https://salt.tikicdn.com/cache/280x280/ts/product/1d/ec/4c/390032402f5ff72b961f3edf59d90def.jpg,1789
Điện thoại Oppo A3 (8GB/128GB) - Hàng chính hãng,4509000,,https://salt.tikicdn.com/cache/280x280/ts/product/0b/43/7a/5391a3e87cbfb259e80da153964827fd.jpg,1789
Ốp lưng Samsung Silicone Galaxy Z Fold7 - Hàng chính hãng,1190000,,https://salt.tikicdn.com/cache/280x280/ts/product/a9/31/a6/1b5c7c1cdf0b532301de7c033204e4ca.jpg,1789
Điện Thoại Realme C75x 6GB/128GB - Hàng Chính Hãng,4690000,,https://salt.tikicdn.com/cache/280x280/ts/product/84/c0/46/88c40a491eccd75e6df3afa5176d149a.jpg,1789
Điện thoại Xiaomi Redmi A5 (3GB/64GB) - Hàng chính hãng,2489000,,https://salt.tikicdn.com/cache/280x280/ts/product/31/be/c1/72b0d8a54972f88b9c08904bb1a06186.jpg,1789
Điện Thoại Xiaomi Redmi Note 14 5G 8GB/256GB - Hàng Chính Hãng,5909000,,https://salt.tikicdn.com/cache/280x280/ts/product/f2/d2/e1/f25544e006966abf0f3800a2c0b1e18b.jpg,1789
Điện thoại Oppo A3 (8GB/256GB) - Hàng chính hãng,6440000,,https://salt.tikicdn.com/cache/280x280/ts/product/66/52/19/2b2cdbad166465a94ab4ca822db9aef8.jpg,1789
[MỚI] Điện thoại vivo V50 Lite (12GB/256GB) - Hàng chính hãng - Bảo hành 12 tháng - 1 Đổi 1 trong tháng đầu tiên,10990000,,https://salt.tikicdn.com/cache/280x280/ts/product/45/87/eb/a7daed29f2a778bd141f04d6b1ec46b3.jpg,1789
Điện thoại Smartphone Vivo Y19s siêu bền - RAM 4GB ROM 128GB - Màu đen và xanh - 5500mAh - Hàng chính hãng,3050000,,https://salt.tikicdn.com/cache/280x280/ts/product/43/2c/ac/16c0f54cb6034936f9dcd799344bcb5a.jpg,1789
Điện thoại Samsung Galaxy A56 5G (8GB/128GB) - Hàng chính hãng,8149000,,https://salt.tikicdn.com/cache/280x280/ts/product/f0/b5/3a/acded00be6f7204ec6f7ed2bd0a0d0c9.jpg,1789
Điện thoại Samsung Galaxy A36 5G (8GB/128GB) - Hàng chính hãng,8240000,,https://salt.tikicdn.com/cache/280x280/ts/product/02/52/15/e45e133fe9a563b67cb15e0c2c3e81dc.jpg,1789
Điện thoại Xiaomi Redmi Note 14 (6GB/128GB) - Hàng chính hãng,4960000,,https://salt.tikicdn.com/cache/280x280/ts/product/2a/9b/c5/5ad0420f493daac7668fe29440bd0d26.jpg,1789
"Điện thoại Xiaomi Redmi Note 9T 4GB/128GB 5G Dimensity 800U 5G, Có NFC , Rom tiếng việt - Hàng nhập khẩu Nhật",1959000,,https://salt.tikicdn.com/cache/280x280/ts/product/29/e8/0d/04633f5eae965697ab346f445a26e07c.jpg,1789
"Điện thoại Xiaomi Redmi A3 (4GB/128GB) Màn hình 6.71inch,pin 5000mAh - Hàng chính hãng",2690000,,https://salt.tikicdn.com/cache/280x280/ts/product/b9/93/94/38d38f6ad31d05094e90e48f97bf454c.jpg,1789
Điện Thoại Oppo Reno13 F 8GB/256GB - Hàng Chính Hãng,8990000,,https://salt.tikicdn.com/cache/280x280/ts/product/da/ec/79/f31335449810145467d96a53a1007369.jpg,1789
Máy đọc sách Kindle Scribe 2024 Kèm bút Premium - Hàng chính hãng,12190000,,https://salt.tikicdn.com/cache/280x280/ts/product/1a/8d/9a/54af0264658dcec523b1a4e3a97f1971.jpg,1789
"Máy đọc sách Basic 2024 màn hình 6 inch, độ phân giải 300ppi, dung Lượng 16GB, cổng sạc type C - HÀNG CHÍNH HÃNG",3590000,,https://salt.tikicdn.com/cache/280x280/ts/product/38/6f/3c/5e70cb42bb9b9bd01551ef0ce971e150.jpg,1789
Điện Thoại Oppo A79 5G 8GB/256GB - Hàng Chính Hãng,6299000,,https://salt.tikicdn.com/cache/280x280/ts/product/bd/dd/0d/3f82285813e7de41ca7e71eeaa655974.jpg,1789
Điện Thoại Nokia 3210 4G - Hàng Chính Hãng,1579000,,https://salt.tikicdn.com/cache/280x280/ts/product/62/8d/25/a4929ffdfd4faac5679bb7f068efa4e5.jpg,1789
"Điện thoại OPPO A2M 5G 6GB/128GB , Dimensity 6020 , Màn 90Hz , Rom tiếng việt - Hàng chính hãng",2459000,,https://salt.tikicdn.com/cache/280x280/ts/product/63/bd/3f/fb7658b0316f4a930d29dbd22bbd22fa.jpg,1789
"Điện thoại Xiaomi Redmi 13R 5G 6GB/128GB Dimensity 6100+ , Màn 90Hz , Rom quốc tế có sẳn Tiếng việt - Hàng nhập khẩu",3590000,,https://salt.tikicdn.com/cache/280x280/ts/product/4f/7b/47/8ddc593e26f0e5a0c8f767ed58383eeb.jpg,1789
"Máy tính bảng học tập thông minh Nexta Edutab Kid cho bé từ 5-8 tuổi - quản lý thời gian cho trẻ - 1 đổi 1 trong vòng 30 ngày, bảo hành 12 tháng",2990000,,https://salt.tikicdn.com/cache/280x280/ts/product/3f/32/a7/3b5cf10d73da787880c96d21fc7e9bcd.jpg,1789
"Điện thoại Redmi Note 12R 5G 6/128GB Snapdragon 4 Gen 2, Rom Quốc tế có sẳn Tiếng việt - Hàng nhập khẩu",3590000,,https://salt.tikicdn.com/cache/280x280/ts/product/43/b8/49/e2fc95922f52f6b546b3159e2e64454d.jpg,1789
Điện thoại Xiaomi Redmi Note 13 Pro 4G (8GB/128GB) - Hàng chính hãng,7240000,,https://salt.tikicdn.com/cache/280x280/ts/product/4c/fd/70/61e4e0ab85e2394b65ac46ef3631277b.JPG,1789
"Máy Tính Bảng Học Tập Smart Study 1, Hàng Chính Hãng, Cho Trẻ Từ 5-12 Tuổi, 64GB, Tích Hợp Chương Trình Học Tập Toàn Diện",7900000,,https://salt.tikicdn.com/cache/280x280/ts/product/40/20/30/0c329b44a3e2517967587bfc28bb5ff8.jpg,1789
Điện Thoại Oppo A38 4GB/128GB - Hàng Chính Hãng,3079000,,https://salt.tikicdn.com/cache/280x280/ts/product/b6/cc/da/163e97e549fe83aaa3d9460f4e689877.jpg,1789
Máy tính bảng Kindle Fire HD10 2023 13th - 32Gb - Hàng chính hãng,3590000,,https://salt.tikicdn.com/cache/280x280/ts/product/7b/ba/b2/179bb5d5fc63d2723f6ac8e51544e2fa.jpg,1789
Combo Máy đọc sách All New Kindle Paperwhite 6 - Hàng chính hãng,4790000,,https://salt.tikicdn.com/cache/280x280/ts/product/cb/c4/eb/e9e5f4686f3fee8181c35226a297e016.jpg,1789
Điện thoại Samsung Galaxy Z Fold4 5G (12GB/256GB) - Hàng chính hãng,40790000,,https://salt.tikicdn.com/cache/280x280/ts/product/c9/07/6d/6e783dcd433ef3774fcc2632a19651b3.jpg,1789
"Máy đọc sách Kobo Libra (Libra Colour, Libra 2) - hàng nhập khẩu",5190000,,https://salt.tikicdn.com/cache/280x280/ts/product/f5/e5/82/331a50d0d1e2809ef32a38eb201197ad.jpg,1789
Máy tính bảng Xiaomi Redmi Pad SE 8.7 Wifi (4GB/128GB) - Hàng chính hãng,3890000,,https://salt.tikicdn.com/cache/280x280/ts/product/75/b4/ab/491751229e9e2253f65d7fd25859b5c8.jpg,1789
Điện thoại Xiaomi Poco C85 (6GB/128GB) - Hàng chính hãng,3660000,,https://salt.tikicdn.com/cache/280x280/ts/product/5a/d0/14/b0e96e99db1291055b1ddd684389dfd9.jpg,1789
Điện thoại Xiaomi Redmi 13x (8GB/128GB) - Hàng chính hãng,4660000,,https://salt.tikicdn.com/cache/280x280/ts/product/b5/a2/6c/f661623aac014b584334c80c48354681.jpg,1789
Điện Thoại Xiaomi Redmi 15 6GB/128GB - Hàng Chính Hãng,3919000,,https://salt.tikicdn.com/cache/280x280/ts/product/b2/37/7e/ea52500b4bf1f0617ccb5cf985a2da0a.jpg,1789
"Máy tính bảng Xiaomi Pad 7 11.2"" Wifi (8GB/128GB) - Hàng chính hãng",9019000,,https://salt.tikicdn.com/cache/280x280/ts/product/92/9a/00/8663117018875dd1c97d14fdac1bb819.jpg,1789
"Máy tính bảng Xiaomi Redmi Pad 2 11"" Wifi (6GB/128GB) - Hàng chính hãng",5049000,,https://salt.tikicdn.com/cache/280x280/ts/product/22/4f/86/174f77d07a1bf499780e85ddab422c1f.jpg,1789
Điện thoại Xiaomi Redmi 15C (6GB/128GB) - Hàng chính hãng,3960000,,https://salt.tikicdn.com/cache/280x280/ts/product/3a/64/41/39667c7cfe61dab612e61eed0c992e1a.jpg,1789
Điện thoại Xiaomi Redmi 15C (4GB/128GB) - Hàng chính hãng,3660000,,https://salt.tikicdn.com/cache/280x280/ts/product/4f/56/cc/de63409be019c4b1835d0d5c5375d0f1.jpg,1789
Điện thoại Oppo A5i (6GB/128GB) - Hàng chính hãng,4460000,,https://salt.tikicdn.com/cache/280x280/ts/product/d1/20/a8/7c37b085a261811cd5f724da35d52921.jpg,1789
Máy tính bảng Samsung Galaxy Tab A11 LTE (4GB/64GB) - Hàng chính hãng,5299000,,https://salt.tikicdn.com/cache/280x280/ts/product/da/c2/ed/03ef236a5501fc9d348dd30caf2400df.jpg,1789
Điện thoại Samsung Galaxy A17 LTE (8GB/128GB) - Hàng chính hãng,5140000,,https://salt.tikicdn.com/cache/280x280/ts/product/44/ec/21/c45b37684edd4de4e6d486ab5b97662e.jpg,1789
Điện thoại Xiaomi Poco C71 (4GB/128GB) - Hàng chính hãng,3120000,,https://salt.tikicdn.com/cache/280x280/ts/product/c9/8d/7a/c1d7c798ce1dabab732ec4749d0e00ff.jpg,1789
Điện thoại Oppo A5i (4GB/128GB) - Hàng chính hãng,4460000,,https://salt.tikicdn.com/cache/280x280/ts/product/9a/4e/cd/6858ca07ae041559bf6142d83432a62a.jpg,1789
Điện thoại Oppo A5i (4GB/64GB) - Hàng chính hãng,3260000,,https://salt.tikicdn.com/cache/280x280/ts/product/dc/3b/44/7bb5748970b5a611717dd009361d9b89.jpg,1789
Điện thoại Samsung Galaxy A07 LTE (6GB/128GB) - Hàng chính hãng,3660000,,https://salt.tikicdn.com/cache/280x280/ts/product/59/9b/ab/770705ea92240be865385f9b7656af45.jpg,1789
Điện thoại Realme C71 (4GB/128GB) - Hàng chính hãng,3890000,,https://salt.tikicdn.com/cache/280x280/ts/product/55/a7/a6/e420b60cca5e52c6539149bd3e5ab7fd.jpg,1789
Điện Thoại Oppo A5i 4GB/128GB - Hàng Chính Hãng,3019000,,https://salt.tikicdn.com/cache/280x280/ts/product/f8/d7/af/b487845875532f4c2e62852cb200a2f0.jpg,1789
Điện Thoại Oppo A5i Pro 8GB/128GB - Hàng Chính Hãng,4899000,,https://salt.tikicdn.com/cache/280x280/ts/product/c0/89/20/8c99c1bfa4d926ccedd93c6cf6ce00bb.jpg,1789
Điện Thoại Oppo A3 8GB/128GB - Hàng Chính Hãng,4129000,,https://salt.tikicdn.com/cache/280x280/ts/product/9d/73/61/5783880f4f7365cdbda39662bb0688e7.jpg,1789
Điện thoại Realme C61 (4GB/128GB) - Hàng chính hãng,3560000,,https://salt.tikicdn.com/cache/280x280/ts/product/37/8a/93/0f9767399e65a017675f2226e330d873.jpg,1789
Điện thoại vivo Y28 (8GB+128GB) - Hàng chính hãng - 1 Đổi 1 tháng đầu tiên - Bảo hành 12 tháng,5790000,,https://salt.tikicdn.com/cache/280x280/ts/product/23/5c/ef/2b234e9da67ef62983be5ddcc7abb5f3.jpg,1789
Điện Thoại Xiaomi Redmi A5 3GB/64GB - Hàng Chính Hãng,2790000,,https://salt.tikicdn.com/cache/280x280/ts/product/a7/10/57/83a9b9157ac078ab812494171f3e8ed2.jpg,1789
[MỚI] Điện thoại vivo Y04 (6GB+128GB) - Hàng chính hãng - 1 Đổi 1 trong tháng đầu tiên - Bảo hành 12 tháng,2990000,,https://salt.tikicdn.com/cache/280x280/ts/product/98/7b/d5/b99c27b6b37537bcbc87cc691cb0c3d7.jpg,1789
Điện thoại Samsung Galaxy A06 5G (4GB/128GB) - Hàng chính hãng,3960000,,https://salt.tikicdn.com/cache/280x280/ts/product/0c/36/0b/590157106fc99dda7d759fa9bccf90ab.jpg,1789
Điện thoại Samsung Galaxy A06 5G (4GB/64GB) - Hàng chính hãng,3460000,,https://salt.tikicdn.com/cache/280x280/ts/product/0c/36/0b/88f7befba91e4d4ef67740f7b3661a67.jpg,1789
Điện Thoại Realme Note 60x 3GB/64GB - Hàng Chính Hãng,2049000,,https://salt.tikicdn.com/cache/280x280/ts/product/d2/da/2a/defead18638c34058e80160a57bb7604.jpg,1789
Điện Thoại Xiaomi Redmi Note 14 Pro 8GB/256GB - Hàng Chính Hãng,6679000,,https://salt.tikicdn.com/cache/280x280/ts/product/96/44/b5/6f7e8fa9d18f9abbdcacc7e2d7b794c1.jpg,1789
"Combo Máy đọc sách Kindle Paperwhite 6 12th Kids 16Gb kèm Cover Amazon, Không quảng cáo - Hàng chính hãng",4990000,,https://salt.tikicdn.com/cache/280x280/ts/product/fc/53/d9/045da58e1a4652d033e7d59abafc6da6.jpg,1789
Máy tính bảng học tập thông minh Nexta Edutab Pro cho trẻ 9-12 tuổi - giải pháp học tập - quản lý thời gian cho trẻ - bảo hảnh 12 tháng,3990000,,https://salt.tikicdn.com/cache/280x280/ts/product/48/e7/ba/4b5300093733207ac09d0d495990d73e.jpg,1789
"Điện thoại Xiaomi Redmi 13C (4+128GB) | 6.74"" 90Hz| Media Tek Helio G85| 5000mAh - Hàng chính hãng",2699000,,https://salt.tikicdn.com/cache/280x280/ts/product/b2/d0/df/c2c4471df532b5a9e4244e15b5676215.jpg,1789
Điện thoại Xiaomi Redmi 13C (4GB/128GB) - Hàng chính hãng - Bảo hành 18 tháng,2699000,,https://salt.tikicdn.com/cache/280x280/ts/product/8e/20/64/8573c26a24de5e329c94c581870d22c5.jpg,1789
"Điện thoại Libero 5G III - 4/64GB Dimensity 700 ,Màn OLED ,Kháng nước IP57 - Hàng nhập khẩu nhật",2199000,,https://salt.tikicdn.com/cache/280x280/ts/product/3a/56/28/e0c93dc48e79579ab1f7b57e2bbe6f75.jpg,1789
"Điện thoại OPPO A58 6GB/128GB , Sạc nhanh 33W - Hàng Chính Hãng",4990000,,https://salt.tikicdn.com/cache/280x280/ts/product/8c/80/88/c83c3f2fe6281a892666b5d3b3a0b963.jpg,1789
"Máy đọc sách Kobo Clara (Clara Colour, Clara BW, Clara 2e, Clara HD) - 6inch, 16gb - Hàng Chính Hãng",5500000,,https://salt.tikicdn.com/cache/280x280/ts/product/59/85/37/15f2af9b79eb2cbe9e09130ab5ecbab3.jpg,1789
Điện thoại OPPO A77 4GB+4GB/128GB - Sạc siêu nhanh 33W - Hàng nhập khẩu nhật - Bản quốc tế,3199000,,https://salt.tikicdn.com/cache/280x280/ts/product/95/d0/47/e1ec6994726975843da0a160e56dd566.jpg,1789
Máy đọc sách All New Kindle Paperwhite 5 (11th Gen) - Hàng chính hãng,4690000,,https://salt.tikicdn.com/cache/280x280/ts/product/3a/6a/88/c07e5175ce92240b0ac16e3b8361c608.jpg,1789
Máy tính bảng Xelex Gama Tab X8 EDU (Hàng chính hãng),2890000,,https://salt.tikicdn.com/cache/280x280/ts/product/1d/c2/aa/f2c04f0289d29269144c7f156064298b.jpg,1789
Điện thoại OnePlus 10T 5G - Hàng Chính Hãng,15990000,,https://salt.tikicdn.com/cache/280x280/ts/product/92/e0/e0/f614498043ec158a71d483658099e6f6.jpg,1789
Điện thoại Panasonic KX-TS520MX -Hàng chính hãng,474000,,https://salt.tikicdn.com/cache/280x280/ts/product/15/10/be/76f84f9e5c2ba6ca436b2f767493b653.PNG,1789
Điện Thoại IP Phone Fanvil X1S - Hàng Chính Hãng,950000,,https://salt.tikicdn.com/cache/280x280/ts/product/a7/ca/61/b87fe4db89fdff3ff664cadaa9942414.jpg,1789
"Máy tính bảng Xiaomi Redmi Pad 2 11"" Wifi (4GB/128GB) - Hàng chính hãng",5150000,,https://salt.tikicdn.com/cache/280x280/ts/product/6c/58/06/f21ea41c3722ecb2f9e3d8935295eebf.png,1789
Điện thoại Oppo A3x (6GB/128GB) - Hàng chính hãng,4190000,,https://salt.tikicdn.com/cache/280x280/ts/product/25/00/47/b3f5242dc4c7aebe010cded11ecfc701.jpg,1789
Điện thoại Xiaomi Poco C85 (8GB/256GB) - Hàng chính hãng,4260000,,https://salt.tikicdn.com/cache/280x280/ts/product/af/f4/94/8bdf63199edc4ae800e446dae223f1e0.jpg,1789
Máy tính bảng iPad Pro M5 13 inch WiFi,38990000,,https://salt.tikicdn.com/cache/280x280/ts/product/1c/6f/3f/82a42043cf1b5465ace9b2311a2f085e.jpeg,1789
Điện thoại Realme Note 60x (3GB/64GB) - Hàng chính hãng,2640000,,https://salt.tikicdn.com/cache/280x280/ts/product/2e/5b/97/c867c94816bc5a629426428ffc19c5a8.jpg,1789
"Máy tính bảng Xiaomi Pad 7 11.2"" Wifi (8GB/256GB) - Hàng chính hãng",9919000,,https://salt.tikicdn.com/cache/280x280/ts/product/92/9a/00/9b5d8bc3aaa7adb60774c8cd3c153a1f.jpg,1789
"Máy tính bảng Xiaomi Redmi Pad SE 11"" Wifi (6GB/128GB) - Hàng chính hãng",5440000,,https://salt.tikicdn.com/cache/280x280/ts/product/c3/fb/e2/19f9e4d3cd6132e07b97239b5a2deeac.jpg,1789
Điện Thoại Samsung Galaxy A17 5G 8GB/128GB - Hàng Chính Hãng,5273000,,https://salt.tikicdn.com/cache/280x280/ts/product/b8/ff/3a/ecc8bfaa011733ca31a94ca581ba1fa0.jpg,1789
Điện Thoại Realme C71 4GB/128GB - Hàng Chính Hãng,3179000,,https://salt.tikicdn.com/cache/280x280/ts/product/f3/ed/b6/9351ebb28bddbdd50fdc949592fefd3f.jpg,1789
"Điện thoại Masstel Izi 56 4G (LTE) Gọi HD Call ,Pin khủng ,loa lớn - Hàng Chính Hãng",499000,,https://salt.tikicdn.com/cache/280x280/ts/product/71/f8/aa/f6a221ecf42a035d5dbc179ced7cb5d3.jpg,1789
"Điện thoại Realme C65 (6GB/128GB) Chipset:MediaTek Helio G85,Màn hình 6.67inch - Hàng chính hãng",2699000,,https://salt.tikicdn.com/cache/280x280/ts/product/d2/33/9d/884cb4d6820067d83b2bf23e84b0513b.jpg,1789
"Điện thoại Realme Note 60 (6GB/128GB) Màn hình 6.74"" ,Kháng nước IP68 ,Rom tiếng việt - Hàng nhập khẩu Nhật",2499000,,https://salt.tikicdn.com/cache/280x280/ts/product/fb/43/5d/a3d3cf2b9bdbabda115f0234165ea731.jpg,1789
"Điện thoại Xiaomi Redmi 13x 6GB/128GB Chip:MediaTek Helio G91,Màn hình 6.79inch - Hàng chính hãng",2859000,,https://salt.tikicdn.com/cache/280x280/ts/product/8b/ab/3b/e820d0ce15d5ffe972b188c907642ddb.jpg,1789
"Điện thoại Xiaomi Redmi 13 (6GB/128GB) Màn hình 6.79inch ,Chipset:MediaTek Helio G91- Hàng chính hãng",2859000,,https://salt.tikicdn.com/cache/280x280/ts/product/b8/9e/12/fbeb7e5e2b312f03979f9c2bf5ee050f.jpg,1789
Điện Thoại Xiaomi Redmi 13x 6GB/128GB - Hàng Chính Hãng,3013000,,https://salt.tikicdn.com/cache/280x280/ts/product/66/94/18/3281debfb0a151b41b7c484c19eead73.jpg,1789
Điện thoại Xiaomi Redmi A5 (4GB/128GB) - Hàng chính hãng,2939000,,https://salt.tikicdn.com/cache/280x280/ts/product/31/be/c1/3a44e9ba4cc0e6895d20d886fbcf33e0.jpg,1789
Điện thoại Xiaomi Redmi Note 14 (8GB/128GB) - Hàng chính hãng,5440000,,https://salt.tikicdn.com/cache/280x280/ts/product/12/16/2e/c1464b82b90b3c04d91c14123f484f66.jpg,1789
[MỚI] Điện thoại vivo Y19s (8GB+128GB) - 1 Đổi 1 trong tháng đầu tiên - Bảo hành chính hãng 12 tháng - Hàng Chính Hãng,4790000,,https://salt.tikicdn.com/cache/280x280/ts/product/43/d4/da/94f3770c196ece20550529d9856768ba.jpg,1789
Điện thoại Masstel izi S1 4G - Hàng chính hãng,619000,,https://salt.tikicdn.com/cache/280x280/ts/product/51/63/5c/abc9be8280687e9c321f7b7e28cb86cb.jpg,1789
Điện thoại Oppo A3 (6GB/128GB) - Hàng chính hãng,4960000,,https://salt.tikicdn.com/cache/280x280/ts/product/13/e8/15/2f5ab35519a953e1edcf535b5a345ae2.jpg,1789
Máy tính bảng Kindle Fire Max 11 inch - 13th - 2023 - Ram 4Gb - Hàng chính hãng,5590000,,https://salt.tikicdn.com/cache/280x280/ts/product/30/08/69/61c8542cd839f345014eee0eb34ebdf4.jpg,1789
"Máy tính bảng Kindle Fire MAX 11, màn hình 11 inch, RAM 4GB, CPU Octa-core 2.2Ghz, bộ nhớ 64/128GB - Hàng chính hãng",4900000,,https://salt.tikicdn.com/cache/280x280/ts/product/2b/01/bf/744823f417320ef6397e472e8c51441b.jpg,1789
Điện thoại bàn Panasonic KX-TSC11 hàng chính hãng,620000,,https://salt.tikicdn.com/cache/280x280/ts/product/69/87/36/4fcb01acaff62b17012a91181a37ad27.jpg,1789
Điện thoại IP Grandstream GRP 2601 hàng chính hãng,880000,,https://salt.tikicdn.com/cache/280x280/ts/product/79/12/a4/e2a12a711e482a8b6a6f8b77bd3190b0.jpg,1789
Điện thoại bàn Panasonic KX-TS880 hàng chính hãng,1150000,,https://salt.tikicdn.com/cache/280x280/ts/product/f8/c7/f6/e0e8a6f7589e1e80f0c88840c8c7408c.jpg,1789
Điện thoại bàn Panasonic KX-TGC310 hàng chính hãng,1050000,,https://salt.tikicdn.com/cache/280x280/ts/product/5b/a5/c1/2bf1ed55c8919a261bf18c9e9d4380d2.jpg,1789
Điện thoại bàn Panasonic KX-TGC312 hàng chính hãng,1550000,,https://salt.tikicdn.com/cache/280x280/ts/product/a3/7b/7b/ca779c901286b973e681d82bf4cddda1.jpg,1789
Điện thoại bàn Panasonic KX-TGC313 hàng chính hãng,2150000,,https://salt.tikicdn.com/cache/280x280/ts/product/d8/6e/83/7304bb1e45d885167c40492c585d25f5.png,1789
Máy đọc sách Kindle Paperwhite 5 (8GB) - Hàng chính hãng,3990000,,https://salt.tikicdn.com/cache/280x280/ts/product/24/27/94/559eb9f73081fe23cc65044a10429024.jpg,1789
"(Hàng chính hãng) Điện thoại bàn hữu tuyến H2P, hiệu Alcatel - Lucent",2220000,,https://salt.tikicdn.com/cache/280x280/ts/product/ab/f8/49/c91c79259e394681fc3e9650757e112f.png,1789
Điện thoại bàn Panasonic KX-TS580 hàng chính hãng,1044000,,https://salt.tikicdn.com/cache/280x280/ts/product/a6/aa/60/e9f5321c338f36ad674bbcdb59c887e2.jpg,1789
Điện thoại bàn Ktel 645 hàng chính hãng,450000,,https://salt.tikicdn.com/cache/280x280/ts/product/47/17/1e/17c74931d1cc7232c3b55e7cc76ab1d2.jpg,1789
Điện thoại bàn Ktel 303 hàng chính hãng,450000,,https://salt.tikicdn.com/cache/280x280/ts/product/d3/f1/23/f15cd1b6d78c02d099adff5899800e66.jpg,1789
ĐIỆN THOẠI HỘI NGHỊ YEALINK CP960 -HÀNG CHÍNH HÃNG,15230000,,https://salt.tikicdn.com/cache/280x280/ts/product/b9/77/a7/bbdbf4268b53d0db9e5cea42e52272a2.jpg,1789
Điện thoại VoIP Yealink SIP-T30 - Hàng Chính Hãng,1200000,,https://salt.tikicdn.com/cache/280x280/ts/product/3f/60/64/7d4ab01ed2b81a0f29838fc626ae7d12.jpg,1789
Điện thoại VoIP Yealink SIP-T30,1050000,,https://salt.tikicdn.com/cache/280x280/ts/product/22/22/42/f2e510e7d7949b4a3d0cc0e73ef8e952.jpg,1789
điện thoại  IP622C - hàng chính hãng,1650000,,https://salt.tikicdn.com/cache/280x280/ts/product/36/ae/47/11f587e464e6ff8ae28d4ea5cbb01723.jpg,1789
Điện thoại bàn không dây Panasonic KX-TGC313 - Hàng Chính Hãng,1501900,,https://salt.tikicdn.com/cache/280x280/ts/product/d4/7e/c9/72e19580d556fa02d030cc6e77d1c6fd.jpg,1789
Điện Thoại Bàn Panasonic KX-TSC11,580000,,https://salt.tikicdn.com/cache/280x280/ts/product/e6/3e/7e/e6d6b4057bf84fa1cd78088a16fff962.jpg,1789
Điện Thoại Bàn Panasonic KX-TS500,334000,,https://salt.tikicdn.com/cache/280x280/ts/product/bc/fd/a9/201706afcdb64cdbfc4f79087191ffbf.jpg,1789
Ổ Cứng Di Động SSD Transcend ESD310 1050MB/s - Hàng Chính Hãng,940000,,https://salt.tikicdn.com/cache/280x280/ts/product/18/f1/31/7b2582e24a509edc6df400bc732140ad.jpg,1846
USB DATO chuẩn 3.0 dung lượng 128GB Bảo hành 5 năm - Hàng chính hãng,125600,,https://salt.tikicdn.com/cache/280x280/ts/product/f5/c5/61/781ae3ba7957b6e70dd6df9fc62172b2.jpg,1846
Màn hình Xiaomi A27UI 27 inch (4K/IPS/60HZ/6MS) - Hàng Chính Hãng,5940000,,https://salt.tikicdn.com/cache/280x280/ts/product/89/41/e2/89d5c9bd5ae6e97090662e437efa20f5.png,1846
Màn hình Xiaomi A27QI 27 inch (2K/IPS/100HZ/6MS) - Hàng Chính Hãng,3340000,,https://salt.tikicdn.com/cache/280x280/ts/product/83/a9/5f/7e94ac75624b3d2c921a3b59f5a15a82.jpg,1846
Màn Hình Viewsonic VA2432A-H 24inch 120Hz Full HD IPS - Hàng Chính Hãng,1940000,,https://salt.tikicdn.com/cache/280x280/ts/product/89/b5/bb/ea468eeef8aa29b25a613bab90ad332e.png,1846
Dây cáp mạng LAN đúc sẵn 2 đầu Cat6 UTP Unitek - Hàng chính hãng,36400,,https://salt.tikicdn.com/cache/280x280/ts/product/07/18/e4/3f3421d4fea4c3ee2d6cacac3b036d4b.jpg,1846
"Hộp mực TN 2385 dành cho Brother HL-L2321D HL-2361DN HL-2366DW MFC-L2700dw MFC-L2701DW 2300D/2320D/L2340DW/L2360DW/L2380DW/L2321D/L2361DW DCP-L2520DW/L2540DW MFC-L2700DW -Chất lượng cao Mới 100%, Full hộp Hàng chính hãng Alpha Cartridge ",84800,,https://salt.tikicdn.com/cache/280x280/ts/product/5f/f6/e6/80eb2d36bf7d0c8ac481720516cb1a09.jpg,1846
"Dây Nguồn PC - Cắm PC - Màn Hình Máy Tính - Nồi Cơm Điện - Ấm Nước - Nồi Lẩu, An toàn, Tiện Dụng -Hàng Nhập khẩu",49600,,https://salt.tikicdn.com/cache/280x280/ts/product/c9/33/f4/f015a3e0200760efc3bb1844b51361c2.png,1846
Dây cáp mạng LAN đúc sẵn 2 đầu Cat6E UTP Arigato - Hàng chính hãng,36000,,https://salt.tikicdn.com/cache/280x280/ts/product/8c/f7/78/b72ff0c4a8cbc935fe537b309b4ff4d4.jpg,1846
Hộp mực cho máy in HP 135a / 135w (có chip) hàng nhập khẩu - Dành cho máy in HP Laser MFP 135a / 135w - Cartridge 107A / W1107A mới 100% [Full Box] ,144000,,https://salt.tikicdn.com/cache/280x280/ts/product/41/c4/8f/e6fd3eb1208ab95bd945b05753165619.jpg,1846
Pin dành cho Macbook Air 13'' A1466 A1496 A1405 A1377 2013 2014 2015 2017 hàng nhập khẩu.,840000,,https://salt.tikicdn.com/cache/280x280/ts/product/05/34/96/1fe36616058503a037a45b5fa30a96e3.jpg,1846
"Hộp mực in 283A/337 cho máy in Canon151dw/MF231/232w/237w/241d/244dw/246dn/247dw/249dw, HP201N/201DW/M225 - Hàng nhập khẩu",116000,,https://salt.tikicdn.com/cache/280x280/ts/product/09/2c/7b/15694f27206a8c2e340eba678754f483.jpg,1846
"Hộp mực Dành Cho máy in Canon LBP 2900, 3000 - 12A / HP LaserJet - 1010/ 1012/ 1015/ 1020/ 1018/ 1022/ 1022n/ 1022nw- Hàng chính hãng Alpha Cartridge ",94320,,https://salt.tikicdn.com/cache/280x280/ts/product/8f/77/6d/9f6ffb82f5c2933f75b250301b0403d1.jpg,1846
"Hộp mực 337 dành cho máy in Canon MF211, MF221D,  MF215, MF241D LBP151dw/ Image CLASS MF 237W/ 247DW/ 211D/ MF212W/ MF221D/ MF241D/ MF215/ MF217W/ MF226DN/ MF229DW/ MF 236N/ MF244DW/ Hàng chính hãng Alpha Cartridge",104800,,https://salt.tikicdn.com/cache/280x280/ts/product/62/85/fe/4d81f4c6c5cf67685791cb3bc92f6eef.jpg,1846
Mực in Dành Cho Máy Canon 2900/L11121E - Hộp mực 12A HP 1010/ 1015/ 1018/ 1020/ 3015/ 3020/ 3030/ 3050/ 3055/ M1005MFP Hàng chính hãng Alpha Cartridge,101520,,https://salt.tikicdn.com/cache/280x280/ts/product/0e/52/55/b0fce18b426464b12c92ea89d4b990ad.jpg,1846
Hộp mực dành cho máy in Canon LBP 6030/ 6030w F158200 HP P1102 / 1102w Hàng chính hãng Alpha Cartridge,101520,,https://salt.tikicdn.com/cache/280x280/ts/product/7c/e0/ff/e58768f9c5196070a0c001ec25960797.jpg,1846
Phần mềm diệt Virus Kaspersky Plus Cho 5 Máy Tính - Plus5 - Hàng chính hãng,887000,,https://salt.tikicdn.com/cache/280x280/ts/product/c2/27/50/1b754e262e2a8f2c0e57fb6ced475b43.jpg,1846
"Hộp mực 12A (hàng nhập khẩu) dùng cho máy in Canon LBP 2900, 3000 - HP Laserjet 1020, 1022, MF4320d, MF4350d - Cartridge Q2612A",104000,,https://salt.tikicdn.com/cache/280x280/ts/product/73/61/44/11ad216cc1730d5c00733696945ffa2d.jpg,1846
Phần Mềm Diệt Virus BKAV Profressional 1 PC 12 Tháng - Hàng Chính Hãng,140000,,https://salt.tikicdn.com/cache/280x280/ts/product/98/ea/93/959c16f361c8da79df7ad8f0f422809c.png,1846
"Hộp mực máy in HP 1102 (hàng nhập khẩu) dùng cho máy HP LaserJet P1005, P1006, P1102, P1102w - Cartridge 35A / 85A mới 100%",104000,,https://salt.tikicdn.com/cache/280x280/ts/product/b9/5c/4c/0a0fddd6fcab4df9fe0d07728684eb57.jpg,1846
Bàn Phím dùng cho laptop Dell Latitude 13 3379 7368 Vostro 14 5468 5471 - Hàng Nhập Khẩu New Seal,213718,,https://salt.tikicdn.com/cache/280x280/ts/product/aa/1e/9f/f5caa429bf5df7fccf6f5da6284f2006.jpg,1846
Pin Laptop Cho Dell Inspiron 14V 14VR Inspiron N4020 Inspiron N4030 N4030D mã pin TKV2V W4FYY X3X3X - Hàng Nhập Khẩu  MIBAT655,357790,,https://salt.tikicdn.com/cache/280x280/ts/product/54/b5/21/418a95aff9b858f91505723c12b35472.jpg,1846
Pin dùng cho Laptop Dell Latitude 5480 - Model: GJKNX - Hàng Nhập Khẩu New Seal,826541,,https://salt.tikicdn.com/cache/280x280/ts/product/4b/1c/a7/188152a25ce8b21c4f2a367e701eb1f5.jpg,1846
Ổ cứng di động Toshiba Canvio Advance Hàng Chính Hãng,1650000,,https://salt.tikicdn.com/cache/280x280/ts/product/65/97/20/e69539ada365e130a85ddc482c628abd.jpg,1846
Phần Mềm Diệt Virus BKAV Pro Internet Security AI (1 năm) - Hàng Chính Hãng,140000,,https://salt.tikicdn.com/cache/280x280/ts/product/98/ea/93/d1af129f43780411917394a60c5fe10c.png,1846
"Hộp mực 83A / Cartridge 137 / 337 Legend nhập khẩu - HP Pro M127FN, M125A - Canon MF211, MF212W, MF221D, MF215, MF217W, 151DW, MF240, MF241D, MF226DN",94000,,https://salt.tikicdn.com/cache/280x280/ts/product/94/57/c4/de567128836d95aed0af0bd09875356f.jpeg,1846
Máy in phun màu Canon Ts207- hàng chính hãng,1020000,,https://salt.tikicdn.com/cache/280x280/ts/product/68/4b/4d/62d5a6eceb33d0482d600c79561248b7.png,1846
Hộp Mực Cartridge 12A Máy In Canon LBP 2900 (303) 3000 HPQ2612A 1020 M1005 M1010 1018 Có Lỗ Nạp Mực - Hàng Chính Hãng,96000,,https://salt.tikicdn.com/cache/280x280/ts/product/3b/36/38/5989083d61b9d809e898f35c77013326.jpg,1846
"Phần mềm Microsoft 365 Family | 12 tháng | Dành cho tối đa 6 người | 5 thiết bị/tài khoản| Word, Excel, PowerPoint | 1TB OneDrive",1640000,,https://salt.tikicdn.com/cache/280x280/ts/product/86/6c/20/21902325418df37dd43dbc9b03d546c7.jpg,1846
Màn hình máy tính LG UHD 4K 27'' IPS VESA DisplayHDR 400 27UP600K-W - Hàng chính hãng,4740000,,https://salt.tikicdn.com/cache/280x280/media/catalog/producttmp/6e/3c/a8/4cca621676647518f888704c95190102.png,1846
Mực in chính hãng Epson 003 (dùng cho máy L1110/L3110/L3150/L5190)-HÀNG CHÍNH HÃNG,152000,,https://salt.tikicdn.com/cache/280x280/ts/product/33/54/ba/a581cf8650dc81c6e6691a429c9713f1.jpg,1846
"Phần mềm Microsoft 365 Personal  | 12 tháng | Dành cho 1 người | 5 thiết bị/tài khoản | Word, Excel, PowerPoint | 1TB OneDrive",1340000,,https://salt.tikicdn.com/cache/280x280/ts/product/96/17/60/9ac0d2d65ad38f4a57bda0090118c425.jpg,1846
USB Thu Wifi 150Mbps Chuẩn 802.11n Cho Máy Tính Có Anten - Hàng Chính Hãng,45119,,https://salt.tikicdn.com/cache/280x280/media/catalog/producttmp/35/08/e3/50d10b23584749948e59d3f085b88e5b.png,1846
Hộp mực 12a dành cho máy in LBP 2900/ hp 1020/ 1010 - NHẬP KHẨU,93200,,https://salt.tikicdn.com/cache/280x280/ts/product/67/ea/57/5d183316d4df4997ffe26e6feab777d4.jpg,1846
Cáp mạng đúc sẵn 2 đầu Cat 5 dài 2M Ugreen NW103 11231 - Hàng chính hãng,32000,,https://salt.tikicdn.com/cache/280x280/ts/product/17/ee/ac/bb2043f75feecaeca7c5b8e1a572c011.png,1846
Dây mạng bấm sẵn 2 đầu Cat6 UTP Patch Cords dài 5M UGREEN NW102 11204 - Hàng chính hãng,47200,,https://salt.tikicdn.com/cache/280x280/ts/product/0f/76/47/0e4e51340948499c2eeecf1fe87bccf9.jpg,1846
Phần Mềm Diệt Virus BKAV Profressional 1 PC 12 Tháng - Hàng Chính Hãng,194400,,https://salt.tikicdn.com/cache/280x280/ts/product/92/08/90/82a1872301ff651ff373d9bc7f526c99.jpg,1846
"Brother TN-1010 Toner Mực Cho Máy In DCP-1511, DCP-1514, DCP-1616NW, HL-1111, HL-1201, HL-1211W, MFC-1811 - Hàng Chính Hãng",280000,,https://salt.tikicdn.com/cache/280x280/media/catalog/product/t/n/tn-1010.u689.d20160421.t123018.jpg,1846
Máy In Laser Đen Trắng Đơn Năng Brother HL-L2321D Duplex - Hàng Chính Hãng,2940000,,https://salt.tikicdn.com/cache/280x280/ts/product/e0/f7/68/36d843bcf8f8dc4b6614028ba75e8710.jpg,1846
Bộ Chuyển Đổi USB Wifi Nano TP-Link TL-WN725N Chuẩn N 150Mbps - Hàng Chính Hãng,120000,,https://salt.tikicdn.com/cache/280x280/media/catalog/product/t/l/tl-wn752n-06-g_1_.jpg,1846
Màn hình LG UltraWide 29U511A (29 Inch - IPS - WFHD - 100Hz) - Hàng chính hãng,4140000,,https://salt.tikicdn.com/cache/280x280/ts/product/e8/11/cf/aefa845a20041d6f0472a07780d33e55.png,1846
Kệ đỡ giá đỡ đế tản nhiệt cho ipad máy tính bảng hợp kim nhôm gấp gọn xoay 360 độ nhiều nấc độ cao K31- Hàng chính hãng,111200,,https://salt.tikicdn.com/cache/280x280/ts/product/c5/ba/31/042d3cacc1fb37f0a97f11f51806b41b.jpg,1846
Màn Hình KTC H27T13 2K 27 inch QHD 120Hz NEW 7ms - Hàng Chính Hãng,2440000,,https://salt.tikicdn.com/cache/280x280/ts/product/39/eb/39/03d2987da667f6a16756ccf5270c134c.jpg,1846
Máy in nhãn nhiệt cầm tay Mini Máy in bỏ túi Bluetooth không dây Android IOS Điện thoại Máy in ảnh Máy tạo nhãn - Hàng Nhập Khẩu,156000,,https://salt.tikicdn.com/cache/280x280/ts/product/a8/91/be/3c86b873dce5eaad48f0cea0760e0aea.jpeg,1846
"Usb phát sóng wifi từ sim 4G USB Modem, Bộ phát Wifi từ Sim 4G, Dcom phát wifi tốc độ cao,  phủ sóng rộng - Hàng chính hãng / Hàng nhập khẩu",288000,,https://salt.tikicdn.com/cache/280x280/ts/product/09/d0/1f/2dc78f33a5ba32b3f2a57caa19bfc4c8.jpg,1846
"Cụm drum 32A - Cụm trống 32A hàng nhập khẩu dùng cho máy in HP Laserjet M203d, M203dn, M203dw, M230fdw, M230sdn, MFP M227d, MFP M227fdn, MFP M227fdw, MFP M227sdn - Canon LBP 161dn, 162dw, MF266dn, MF261d, MF264dw, MF269dw - Drum Unit CF232A mới 100% ",120000,,https://salt.tikicdn.com/cache/280x280/ts/product/94/3b/c9/6d3cb2a145fcaff6a8b3ddc1c4044991.jpg,1846
"USB phát wifi từ sim 4G 5G Dongle, Dcom wifi, bộ phát wifi tốc độ cao sử dụng mọi loại sim - Hàng chính hãng / Hàng nhập khẩu",398000,,https://salt.tikicdn.com/cache/280x280/ts/product/fe/31/ac/ac855a3fa802ad9d35e2e0962697475d.jpg,1846
"Hộp mực 83A (hàng nhập khẩu) dùng cho máy in HP Laserjet Pro M125, M201, M127fn, M225dw - Cartridge CF283A",104000,,https://salt.tikicdn.com/cache/280x280/ts/product/09/57/9f/83565496584c381f2e412556ca64261e.jpg,1846
Hộp Mực In GDV Cartridge 12A Cho Máy In Canon LBP 2900 (303) 3000 HPQ2612A 1020 M1005 M1010 1018 Có Lỗ Nạp Mực - Hàng Chính Hãng,96000,,https://salt.tikicdn.com/cache/280x280/ts/product/70/bc/e5/0713daa01da28250f70d1aa5cd39001a.jpg,1846
Quạt tản nhiệt CPU Led rainbow 11X for Intell lõi đồng nguyên chất cho máy tính hàng nhập khẩu,152000,,https://salt.tikicdn.com/cache/280x280/ts/product/9b/f6/37/c0f764af2835a6b60d63afa882713b3a.jpg,1846
Hộp mực 12A Canon 2900 dành cho Canon LBP 2900/3000 HP Laser Jet 1010/1015/1020/3015/3020/3030/3050  HÀNG CHÍNH HÃNG ALPHA CARTRIDGE,101520,,https://salt.tikicdn.com/cache/280x280/ts/product/0e/52/55/b2a8dae011d2f6d15b31fbcd9aa0e7a4.jpg,1846
Hộp mực 78A dành cho Canon 6230dn 6230dw 6200d - HP P1560/1536/P1566/1600/P1606DN Mực in Canon MF4410/4430/4580DN/MF4570dn/4550d/4452/4450/4450d/MF4420n /4412/ự D520  Có lổ đổ mực-Hàng chính hãng Alpha Cartridge,104800,,https://salt.tikicdn.com/cache/280x280/ts/product/ef/14/b8/003016443b85a7613976d35f260ecbc7.jpg,1846
"Hộp mực 136A (Có chip) hàng nhập khẩu - Dùng cho máy in Hp Laserjet M211d, M211dw, M236dw - Cartridge 136A - W1360A",192000,,https://salt.tikicdn.com/cache/280x280/ts/product/e8/10/8f/4701bc5b5a0c3525080084f8e634d0d4.jpg,1846
Mực Canon NPG 84 : Dùng cho máy photocopy Canon IR 2625i/ 2630i/ 2635i/ 2645i ( BIASDO - Hàng nhập khẩu ),400000,,https://salt.tikicdn.com/cache/280x280/ts/product/31/39/38/0b460ab0f28aa90b9dcdc0e35cad3769.jpg,1846
USB 3.0 Lexar JumpDrive V400 | Dung lượng 32GB / 64GB | Bảo hành 2 năm - Hàng Chính Hãng,84000,,https://salt.tikicdn.com/cache/280x280/ts/product/ba/fc/6b/4be0b7d3618671728007f66c132b29fb.png,1846
"Hộp mực 248A cho máy in HP M15a, M15w, M28a, M28w - Hàng nhập khẩu",140000,,https://salt.tikicdn.com/cache/280x280/ts/product/82/e9/30/e794e1340a124e49903bf4ccbc3d044e.jpeg,1846
"Hộp mực TN 2385 -dành cho Brother HL-L2321D HL-2361DN HL-2366DW MFC-L2700dw MFC-L2701DW 2300D/2320D/L2340DW/L2360DW/L2380DW/L2321D/L2361DW DCP-L2520DW/L2540DW MFC-L2700DW -Chất lượng cao Mới 100%, Full hộp Hàng chính hãng Alpha Cartridge ",95200,,https://salt.tikicdn.com/cache/280x280/ts/product/3d/95/9c/f7c7549337f1de6541b1fceaf07d80a8.jpg,1846
Cụm trống (Drum) Brother DR-2385 - Dùng cho các dòng máy in Brother HL(L2321D;L2361DN;L2366DW); MFC(L2520D;L2701D;L2701DW) Hàng chính hãng Alpha Cartridge,145600,,https://salt.tikicdn.com/cache/280x280/ts/product/9e/23/b1/85a557b69702ef3e2ba216f2a9b28cbf.jpg,1846
"Ổ đĩa CD/DVD gắn ngoài cho máy tính,xách tay,Macbook,1 USB 3.0 Type-C Đầu ghi CD/DVD di động-Hàng Chính Hãng",270000,,https://salt.tikicdn.com/cache/280x280/ts/product/d5/08/92/90fe00cf84b722a55bbd522b412b5ce4.jpg,1846
USB Team Group C141 8GB - Hàng Chính Hãng,76000,,https://salt.tikicdn.com/cache/280x280/ts/product/d8/5c/66/0e4800a923c2f1c56b845f2c1b4ad90d.jpg,1846
USB 3.2 Team Group C175 - Hàng chính hãng,104000,,https://salt.tikicdn.com/cache/280x280/ts/product/6a/a8/ab/7187b10ae4230404218cbdc538717ab8.jpg,1846
Hộp box SSD Lexar E100 | gắn SSD 2.5 inch dung lượng 128G - 8TB | Giao tiếp USB 3.2 Gen 1 - Bảo hành 1 năm - Hàng Chính Hãng,127200,,https://salt.tikicdn.com/cache/280x280/ts/product/77/1e/24/82e9ab4e67c673d9c7b07504e50bc9e5.png,1846
"USB Lexar JumpDrive Dual Drive D400 Type-C / Type-A - USB 3.1 64G / 128GB, tốc độ đọc 130Mb/s, tương thích MAC / PC - Hàng chính hãng",670000,,https://salt.tikicdn.com/cache/280x280/ts/product/a4/b2/bf/1ad9c9da2197ac6bd1474b4a2c6bd8bb.jpeg,1846
Phần Mềm Diệt Virus BKAV Profressional 1 PC 12 Tháng - Hàng Chính Hãng,140000,,https://salt.tikicdn.com/cache/280x280/ts/product/98/ea/93/a1bc44a0d6a337b351cb7d5c34c513a1.png,1846
USB 3.2 Gen 1 Acer UP300 dung lượng USB 8GB - 1TB - Hàng chính hãng,172800,,https://salt.tikicdn.com/cache/280x280/ts/product/b0/cd/b3/e660b02c0986982388ebe69621ee0c4a.jpg,1846
Ổ Cứng Di Động Toshiba Canvio Flex Hàng Chính Hãng,1840000,,https://salt.tikicdn.com/cache/280x280/ts/product/2f/99/a2/0d3d4f3773dc7e45122a458a5531327a.jpg,1846
"Màn hình di động 15,6 inch Full HD IPS ( 1920 x 1080 ) cho máy tính , laptop , smartphone , máy game",2000000,,https://salt.tikicdn.com/cache/280x280/ts/product/eb/1d/eb/3d07ea788cf43f4143e0c86442e94650.jpg,1846
USB 3.2 Gen 1 Kingston DataTraveler Exodia - Hàng Chính Hãng,192000,,https://salt.tikicdn.com/cache/280x280/ts/product/4a/1e/ed/c2372607349ee85c852057f215ef1190.png,1846
Mực nạp ( mực đổ ) cho hộp mực 12A/ 49A/ 05A Canon 2900/ 3300/ HP 1010/1020...,28000,,https://salt.tikicdn.com/cache/280x280/ts/product/3e/2b/a7/05bb7f8f73b5e77993ecd28ba4d77793.png,1846
"Hộp mực Brother TN2385 dùng cho máy in HL-L2321D, HL-2361DN, HL-2366DW, DCP-L2520D, MFC-L2701D, MFC-L2701DW - Hàng Chính Hãng",465000,,https://salt.tikicdn.com/cache/280x280/ts/product/c2/17/17/6b6c5be6d43abd22e87e6fbe3b6e4f5b.png,1846
Hộp Mực In Premium 79A (CF279A) - Hàng Nhập Khẩu,94400,,https://salt.tikicdn.com/cache/280x280/ts/product/da/c2/de/2a7f58eecbf6b43452c3246d385aea35.jpg,1846
Mực nước Inktec dùng cho máy in phun màu Epson -  Loại 1 lít (1.000ml) - Hàng chính hãng,160000,,https://salt.tikicdn.com/cache/280x280/ts/product/46/de/ae/a1a1cc9f56c3570a4318af7fc025a0dd.jpg,1846
Hộp mực  78A dành cho máy in HP 1536DNF/P1566/1606.......- HÀNG NHẬP KHẨU,94800,,https://salt.tikicdn.com/cache/280x280/ts/product/f8/9a/5c/5285be122089d640011976d9f891d41b.jpg,1846
Trống máy in Brother HL-2385/L2320D/2321D/2340DW/2360DN/2361dn/2365DW - Hàng nhập khẩu,44000,,https://salt.tikicdn.com/cache/280x280/ts/product/73/a1/59/c0286fd48f80cbceddb0656f478b1acd.png,1846
Hộp mực dành cho máy in Laser Brother HL-L2321D.,92000,,https://salt.tikicdn.com/cache/280x280/ts/product/55/28/d6/37a5a40fc476d56c80529ff4d645523e.jpg,1846
Hộp mực máy in canon Lbp 6030/ 6030w,100000,,https://salt.tikicdn.com/cache/280x280/ts/product/9c/3d/fc/ed4ab1926463b2c20800a383a4e2149b.jpg,1846
Máy In Phun Màu Canon Pixma G1010 - Hàng Chính Hãng,2440000,,https://salt.tikicdn.com/cache/280x280/ts/product/12/1c/94/f5ef4f2daf210fa7c582e0038e657b31.jpg,1846
Ổ Cứng SSD Kingston A400 (240GB) - Hàng Chính Hãng,729000,,https://salt.tikicdn.com/cache/280x280/ts/product/cf/05/7e/4c3df20d9f63515b881cebb2c26e352e.jpg,1846
TP-Link  TG-3468 - Card Mạng Gigabit - Hàng Chính Hãng,152000,,https://salt.tikicdn.com/cache/280x280/media/catalog/producttmp/1e/7c/a8/8d092e77abcddb474e78c743289c8d28.jpg,1846
Máy In Laser Đơn Năng Canon LBP 6030 - Hàng chính hãng,2740000,,https://salt.tikicdn.com/cache/280x280/ts/product/5d/57/6e/c2dc5517932d9ac0a4f63c3f98d26cbf.jpg,1846
Màn Hình Viewsonic VX2758A-2K-PRO-4 27inch 2K 180Hz QHD - Hàng Chính Hãng,4340000,,https://salt.tikicdn.com/cache/280x280/ts/product/6a/82/9a/919a08044f0f643a3fa52e47fe2dc7d1.jpg,1846
USB 3.2 Team Group C175 32GB - Hàng chính hãng,104000,,https://salt.tikicdn.com/cache/280x280/ts/product/6a/a8/ab/a2569349f58751fb796f85c864e928a1.jpg,1846
"Free ship- set 4 màu Mực in phun màu Epson 001 dùng cho máy L4150/L4160/L6160/L6170/L6190/L4260/L4266/L6260/L6270/L6290/L14150, hàng nhập khẩu.",322920,,https://salt.tikicdn.com/cache/280x280/ts/product/8c/a5/ac/fc5a61281f4603adb7b000bf860bceb0.jpg,1846
"Màn hình di động ZX1505 Nhiều Kích thước FullHD / 2K cho máy tính , laptop , smartphone",2100000,,https://salt.tikicdn.com/cache/280x280/ts/product/f8/5e/31/bd3e4df42987af08975b3c33d9ff3531.jpg,1846
"USB 2 in 1 Type C/ Type A Lexar D300 Dual Drive 32GB/ 64GB/ 128GB/ 256GB, tốc độ đọc 130MB/s - HÀNG CHÍNH HÃNG",159200,,https://salt.tikicdn.com/cache/280x280/ts/product/4e/6a/7a/8200612e692c555c09338f2dfe036e57.png,1846
Hộp mực máy in HP 137fnw (có chip) hàng nhập khẩu - Dùng cho máy in HP Laser MFP 137fnw - Cartridge 107A / W1107A mới 100% [Full Box] ,144000,,https://salt.tikicdn.com/cache/280x280/ts/product/41/c4/8f/e1ab229e68594587a00fb6577516e764.jpg,1846
"Cục phát wifi từ sim 4G 5G kèm pin 10.000mA TP10000 phát liên tục 24 tiếng, tốc độ cao 300Mbps kết nối cho 10 thiết bị vô cùng tiện lợi - hàng nhập khẩu",940000,,https://salt.tikicdn.com/cache/280x280/ts/product/0e/30/7a/da1737e4eae8c0b9c669a503f73777f0.jpg,1846
"USB Thu Wifi Chuẩn N Tốc Độ Cao 150Mbps Tăng Khả Phạm Vi Thu Phát Sóng Wifi Cho Máy Tính Xách Tay, Máy Tính Để Bàn, Thiết Bị Thu Nhận Ngoại Vi - Hàng nhập khẩu",92000,,https://salt.tikicdn.com/cache/280x280/ts/product/59/52/f6/0d54a59f4632f6c7941a435f47df143f.png,1846
USB KIOXIA 32GB/64GB/128GB U301 USB 3.2 Gen 1 - Hàng chính hãng,135200,,https://salt.tikicdn.com/cache/280x280/ts/product/1b/26/a9/7826c126171a833762d350ebed4a1525.jpg,1846
"Hộp Mực AZ TN 2385 Dùng cho máy in Brother HL 2321D, 2361DN, 2366DW, DCP L2520, MFC L2701D, L2701DW - Hàng chính hãng",114400,,https://salt.tikicdn.com/cache/280x280/ts/product/28/84/23/0817ad36b2d38e4f3d36d92a16bfb8b3.jpg,1846
"Hộp mực 78A 326 328 Prospect dùng cho máy in LBP 6230DN, 6200, HP P1566 P1606, 1536dnf  đậm đẹp, hàng chính hãng",123200,,https://salt.tikicdn.com/cache/280x280/ts/product/4e/5a/6c/9d3273072501b2959e135b62c809ce98.jpg,1846
"Hộp mực Topjet 76A/057 NO CHIP cho máy in Hp HP M404n, M428DW Canon LBP 223dw/ 226dw PHẢI LẤY CHÍP CŨ GẮN QUA - Hàng Chính Hãng ",158400,,https://salt.tikicdn.com/cache/280x280/ts/product/00/07/96/c8f643f88819d4d77b979d31c7aca2f4.jpg,1846
Kaspersky Plus Cho 1 Máy Tính - Plus 1 - Hàng chính hãng,304000,,https://salt.tikicdn.com/cache/280x280/ts/product/0c/b7/5c/a2a3395d5b345497ea8d2cb6229ada7c.PNG,1846
Mực in HP 680 Tri-color Original Ink Advantage Cartridge (F6V26AA) - Hàng chính hãng,215000,,https://salt.tikicdn.com/cache/280x280/ts/product/07/86/79/5202351fb5c6d6c6340a0548b4ea777d.png,1846
"Trống Mực In (Drum) Brother DR-B022 (12.000 Trang) Sử Dụng Cho Máy In Brother B2080DW, B2000D, B7535DW, B7715DW - Hàng Chính Hãng",635000,,https://salt.tikicdn.com/cache/280x280/ts/product/66/19/a9/16d8e0d43f24c978cce1255f1b44c51a.jpg,1846
"Nhãn in Tepra SS9K (Chữ Đen Nền Trắng, Khổ 9mm) - Hàng chính hãng",192000,,https://salt.tikicdn.com/cache/280x280/ts/product/2e/50/86/e4329e8e6e7fa5ed26be0dce456b3c4d.jpg,1846
Phần mềm diệt Virus Bkav Pro - Hàng chính hãng,140000,,https://salt.tikicdn.com/cache/280x280/ts/product/98/ea/93/7b36ecf803190ab42fde773b5177bc94.png,1846
"Mực nạp đa năng KT221 (tặng kèm phễu) (hàng nhập khẩu) dùng cho hộp mực 12A, 35A, 85A, 49A, 53A, 26A, 05A, 78A, 83A",20000,,https://salt.tikicdn.com/cache/280x280/ts/product/13/53/d3/6dddf345af87ea420cd1f72c7895cc3b.jpg,1846
Cáp mạng Cat8 đúc sẵn bọc dù dài 10M Ugreen 30795 hàng chính hãng,294000,,https://salt.tikicdn.com/cache/280x280/ts/product/ce/60/87/34c8a465014e4b1f24c849d4382c4f27.jpg,1846
USB Kingston Exodia-M DTXM USB 3.2 - Hàng chính hãng,131200,,https://salt.tikicdn.com/cache/280x280/ts/product/4c/b4/16/2230e37d1ab75b7ae76d046f42f1a078.jpg,1846
Bo Mạch Chủ Main Gigabyte B560M-DS3H Socket LGA 1200 - Hàng Chính Hãng,2440000,,https://salt.tikicdn.com/cache/280x280/ts/product/f2/6c/69/e53e728ab1dd251be047dd761ad67111.jpg,1846
Bộ Chia Tín Hiệu Swich TP-Link SG108 Để Bàn 8 Cổng 10/100/1000Mbps - Hàng Chính Hãng,479000,,https://salt.tikicdn.com/cache/280x280/ts/product/69/85/9d/e035bc29549a525c5ce662fcd5a919dd.jpg,1846
USB SanDisk CZ600 - USB 3.0 - Hàng Chính Hãng,194400,,https://salt.tikicdn.com/cache/280x280/ts/product/84/36/d4/320b846e9bcb9a7372ff21bfc872b003.jpg,1846
"Hộp mực in 35A/36A/85A - No box - Hộp mực dùng cho máy in HP: LaserJet P 1005, 1006, 1102, 1212NF, 1505, 1515 / M 1120, 1130, 1132MF, 1210, 1319, 1522. HP: LaserJet P 1005, 1006, 1102, 1212NF, 1505, 1515 / M 1120, 1130, 1132MF, 1210, 1319, 1522.",80000,,https://salt.tikicdn.com/cache/280x280/ts/product/32/b3/ff/5fc187eaa52b2179d5080263f61faa16.jpg,1846
Bộ Phát Wifi Di Động 3G/4G TP-Link M7000 - Hàng Chính Hãng,835000,,https://salt.tikicdn.com/cache/280x280/ts/product/fa/7b/ac/a012b6a39296786c37c2e2aa902e587c.jpg,1846
"Hộp mực Canon 325 cho máy in Canon LBP 6030, 6030w, 6000, MF3010",100000,,https://salt.tikicdn.com/cache/280x280/ts/product/2b/2a/33/8ae778d3cb8d7c55a2b6053a64415e8f.png,1846
Cáp mạng Cat6 Commscope UTP - Hàng chính hãng,3129000,,https://salt.tikicdn.com/cache/280x280/ts/product/7a/e5/81/e7e20f99dab31660e4a62e834ca79f7e.jpg,1846
Set 50 cuộn giấy in nhiệt K80 ∅45 (OJI - JAPAN) Hàng nhập khẩu,300000,,https://salt.tikicdn.com/cache/280x280/ts/product/72/4a/7c/01985e049be5a733ca74a6178447a3df.png,1846
Hộp Mực In Premium 26A (HP CF226A)/ Cartridge 052 - Hàng Nhập Khẩu,143200,,https://salt.tikicdn.com/cache/280x280/ts/product/7f/d0/f0/36dd1192bc6344f5c521e30436cf8fe6.jpg,1846
USB SanDisk Ultra Luxe USB 3.1 Flash Drive | SDCZ74-032G-G46 | USB3.1 | Hàng Chính Hãng,200000,,https://salt.tikicdn.com/cache/280x280/ts/product/9c/75/cb/74f5b675b91b54725d782957811d404a.jpg,1846
Băng mực máy in Kim Epson LQ310 - HÀNG CHÍNH HÃNG,52000,,https://salt.tikicdn.com/cache/280x280/ts/product/58/1e/e2/9498bf3889a00c067e99905fa729ba5e.jpg,1846
"Mực In Brother BTD60BK màu đen dùng cho Brother DCP-T310, DCP-T510W, DCP-T710, MFC-T810W, MFC-T910DW - Hàng Chính Hãng",164000,,https://salt.tikicdn.com/cache/280x280/ts/product/4a/b2/00/2673a326fc5a817b27ef83034febc54d.png,1846
Hộp mực 12A cho máy in 2900 3000 HP. 1010 1020 - Q2612A,93200,,https://salt.tikicdn.com/cache/280x280/ts/product/74/a2/4b/cd7542b2bd4cb038d90a2adc87c07c50.jpg,1846
Quạt Tản Nhiệt CPU Socket 1155/1151/1150- Fan Intel Box - Hàng Nhập Khẩu,48000,,https://salt.tikicdn.com/cache/280x280/ts/product/db/1f/5e/7636a8ce48046c1e723c89059f22fe27.jpg,1846
Máy Scan Canon Lide 300 - Hàng Chính Hãng,1740000,,https://salt.tikicdn.com/cache/280x280/ts/product/b6/56/76/b2d8e16fe91df2bc3282ca519e314370.jpg,1846
"Cáp chuyển đổi Mini Displayport, thunderbolt sang HDMI âm Ugreen 10461 - Hàng chính hãng",128000,,https://salt.tikicdn.com/cache/280x280/ts/product/c0/06/b8/46d3f2ef564db4452cb3640757177ff4.png,1846
USB SanDisk CZ50 16GB – USB 2.0 – Hàng Chính Hãng,123200,,https://salt.tikicdn.com/cache/280x280/ts/product/69/c8/c7/cf23a027d78be87772a46f6acb0bd5fe.jpg,1846
Ổ Đĩa Rời Đọc Và Ghi CD/DVD Transcend TS8X DVDS-K - Hàng Chính Hãng,1074000,,https://salt.tikicdn.com/cache/280x280/ts/product/90/33/01/1ff2d517a467e58dc5f344a574c4bd9b.jpg,1846
Bộ Chuyển Đổi USB Wifi TP-Link Archer T2U Băng Tần Kép AC600 - Hàng Chính Hãng,190400,,https://salt.tikicdn.com/cache/280x280/media/catalog/product/a/r/archer-t2u-06.jpg,1846
Brother BT6000BK Ink Cho DCP-T300/T700W/MFC-T800W (Đen) - Hàng Chính Hãng,142400,,https://salt.tikicdn.com/cache/280x280/media/catalog/product/2/1/21659_muc_in_brother_bt6000_bk.jpg,1846
Bộ chia HIKVISION SWITCH POE HIKVISION DS-3E1310P-EI/M Switch quản lý PoE 8 Ports - Hàng chính hãng,1119520,,https://salt.tikicdn.com/cache/280x280/ts/product/29/ba/4d/743333b7d41ee47092b7fde639e8436f.jpg,1846
"Màn chiếu treo tường/ Di động dạng Lite Prima - Apollo - nhẹ gọn mang đi, dễ lắp đặt bằng móc treo. Kích thước 60 inch, 72 inch, 80 inch và 100 inch tỉ lệ 16:9 và 4:3 - Hàng nhập khẩu",217600,,https://salt.tikicdn.com/cache/280x280/ts/product/40/1a/a4/709aded9243fe8ff0c3f037ca7d23d07.jpg,1846
Máy in màu Canon Laser LBP 631CW - hàng nhập khẩu,9450000,,https://salt.tikicdn.com/cache/280x280/ts/product/13/ca/6d/aa5fb2b4cfb1a58f92f9b70e6013b132.jpg,1846
Bộ loa hội nghị Jabra Speak 410 - Hàng Chính Hãng,2426000,,https://salt.tikicdn.com/cache/280x280/ts/product/11/d3/c4/bb6f09e31dcf195bc4de3dc9ddc67c2f.jpg,1846
Bộ mở rộng sóng Wifi TP-Link Wifi 6 RE505X - Hàng chính hãng,789000,,https://salt.tikicdn.com/cache/280x280/ts/product/1c/ed/46/bb37f2db293798d2ba2056228b9484c8.jpg,1846
Pin Laptop HP HT03XL - Hàng Nhập Khẩu,765000,,https://salt.tikicdn.com/cache/280x280/ts/product/53/b6/d3/afd3f6688ab7907a834c78ef4cc59854.jpg,1846
Máy Scan Màu Di Động Thông Minh Scan Tài Liệu A4/A5/A6/A7 K800 - Hàng Nhập Khẩu,1005000,,https://salt.tikicdn.com/cache/280x280/ts/product/da/a9/69/afc5d3f2222bf9ba4692b80a7b15101f.jpg,1846
"USB Bluetooth 5.3 TP-Link UB500 Plus Chuẩn Bluetooth Mới nhất, Nhanh Hơn, Mạnh Mẽ Hơn - Hàng chính hãng",151200,,https://salt.tikicdn.com/cache/280x280/ts/product/f2/90/e2/880c46c74d7c4b4f4f8ffa462dcd7e10.jpg,1846
Sạc dành cho Laptop Dell Oval 45w 65w Walt chân Type C hàng nhập khẩu,440000,,https://salt.tikicdn.com/cache/280x280/ts/product/eb/a1/b5/0997a3973bfe45b94b82d8bddbe8cbf0.jpg,1846
 Pin dành cho laptop HP Pavilion 14-ce 14 ce series 14-ce1014TU (HT03XL) hàng nhập khẩu,549000,,https://salt.tikicdn.com/cache/280x280/ts/product/fb/2e/2d/1be5f8e03914da5f4063541ebe8b0422.jpg,1846
Pin dành cho Laptop HP Pavilion 15 cs 15-cs series 15-cs3011TU 15-cs1044TX 15-cs1045TX 15-cs1080TX hàng nhập khẩu,549000,,https://salt.tikicdn.com/cache/280x280/ts/product/fb/2e/2d/5fb762a610ac29fcb45f9d65b636b61f.jpg,1846
Mực Konica  TN 322/ TN 323: Cho máy photocopy Konica Minolta Bizhub 227/ 287/ 367 / 224 / 284 / 364 ( Hàng nhập khẩu ),230000,,https://salt.tikicdn.com/cache/280x280/ts/product/5f/23/56/c93753ac5d462705318618a495ecca0b.png,1846
Sạc Tương Thích Cho Laptop Dell Inspiron 14 7447 Adapter 19.5V-3.34A 19.5V-4.62A - Hàng Nhập Khẩu New Seal TEEMO PC TEAC524,255000,,https://salt.tikicdn.com/cache/280x280/ts/product/5c/26/6e/0126ffcf80324ba4290c7ccb0873e42d.jpg,1846
Pin Tương Thích Cho Laptop Hp 8460P Probook 6360B 6460B 6465B 6470 6560B 6565B Elitebook 8460P 8460W 8470W 8570P 8560P TEEMO PC Hàng Nhập Khẩu,437000,,https://salt.tikicdn.com/cache/280x280/ts/product/40/a7/ec/b93a08beda99a6d8cf440dae59d1bc7f.jpg,1846
Sạc dành cho Laptop Asus VivoBook S333 S433 S533 S333JA S433EA S433EQ S433FA S533EA S533EQ - hàng nhập khẩu,205000,,https://salt.tikicdn.com/cache/280x280/ts/product/c7/72/01/b8cf245072764beacebdafcefe43232a.jpg,1846
"Hộp mực TN B022 Prospect dùng cho máy in Brother HL-B2000D, HL-B2080DW, DCP-B7535DW, MFC-B7715DW - Hàng chính hãng",108240,,https://salt.tikicdn.com/cache/280x280/ts/product/fb/93/4a/46999aa5f24d40b097e7d2be57d4670e.jpg,1846
"SET Mực in pigment Epson 008 siêu bền màu, không phai cho máy in Epson L15150 L15160 L6570 L6580 Hàng Nhập Khẩu",569000,,https://salt.tikicdn.com/cache/280x280/ts/product/2a/a3/f9/c0a2ae4aab236335da178544647cb22e.jpg,1846
"Hộp mực W1510A (không chip) (hàng nhập khẩu) dùng cho máy in HP LaserJet Pro 4003dn,  4003dw, 4003n,  MFP 4103dw, 4103fdn, 4103fdw - Cartridge W1510A mới 100% Fullbox",144000,,https://salt.tikicdn.com/cache/280x280/ts/product/24/4a/70/61a2afbab0f60cf0a7887f82aecc5ddb.jpg,1846
"Hộp mực Topjet TN2280. dùng cho máy in Brother HL 2130, HL 2240, 2250, 2270, 7060, 7360, 7860 - Hàng Chính Hãng ",114400,,https://salt.tikicdn.com/cache/280x280/ts/product/b8/91/f3/b90c59f75ae9d56336c6a19f4bfa4130.jpg,1846
"Dell Optiplex 3040 Core i7 6700 / 8Gb / SSD 128Gb – Tặng USB WIFI , Bảo hành 2 năm - HÀNG CHÍNH HÃNG",4640000,,https://salt.tikicdn.com/cache/280x280/ts/product/73/17/80/7be8ec500da727b1e139bd4843324dd1.png,1846
"Nhãn in Tepra SS18K (Chữ Đen Nền Trắng, Khổ 18mm) - Hàng chính hãng",295000,,https://salt.tikicdn.com/cache/280x280/ts/product/88/64/a2/cff5f0af1f2c132e29128e62dcf484b5.jpg,1846
"Nhãn in Tepra SS6K (Chữ Đen Nền Trắng, Khổ 6mm) - Hàng chính hãng",192000,,https://salt.tikicdn.com/cache/280x280/ts/product/5e/64/c9/67d4a7b20907ed452a8d7c548325ac1e.jpg,1846
"Nhãn tiêu chuẩn Brother TZe-131, (12mm x 8m - Chữ đen trên nền trong, chống thấm nước) - Hàng chính hãng",260000,,https://salt.tikicdn.com/cache/280x280/ts/product/a1/21/a0/1c672e51529a922f290155c30dd33f5a.jpg,1846
Hộp mực cho máy in HP Neverstop Laser 1000w / 1000a hàng nhập khẩu mới 100% [Full box] -  103A / W1103A,88000,,https://salt.tikicdn.com/cache/280x280/ts/product/ac/38/c0/4e763cbb72cf690b01182fd6481babe9.jpg,1846
Bộ Mực Epson 673 6 màu C M Y K LC LM dành cho máy Epson 1390/1400/1430/L1800/L805/L800/L850- Hàng nhập khẩu,226320,,https://salt.tikicdn.com/cache/280x280/ts/product/e0/f5/b4/fb1449f0f994aa125eb31f4c69a9084b.jpg,1846
USB Acer UP300 tốc độ đọc/ghi lên đến 120 MB/s - Hàng chính hãng bảo hành 5 năm - Thiết bị lưu trữ dung lượng 8GB - 1TB,172800,,https://salt.tikicdn.com/cache/280x280/ts/product/9c/0f/0a/2c3f54cf06dc7f1666f6172dce133ffd.jpg,1846
Bộ Phát Wifi TP-Link Archer AX53 Chuẩn Wifi 6 Tốc Độ 3000Mbps - Hàng Chính Hãng,1040000,,https://salt.tikicdn.com/cache/280x280/ts/product/24/e7/d8/29d1d466e1fde028229347fdb36054aa.jpg,1846
"Cụm Drum DR-2385 - SAHA - Hộp mực dùng cho máy in Brother: HL – L2321D, L2361DN, L2366DW / MFC – L2701D/DW, DCP – L2520D.",136000,,https://salt.tikicdn.com/cache/280x280/ts/product/5c/78/5e/6c9b309d03c2001a6e171c1fbb328bff.jpg,1846
USB 64GB Kingston DTX- Hàng chính hãng,131200,,https://salt.tikicdn.com/cache/280x280/ts/product/00/95/2d/89d2a3a5d4654f8b9bf0e909418c0a30.PNG,1846
"(Combo 50 cuộn) Giấy in nhiệt K57x38 - Giấy in Bill K57 - Giấy in hóa đơn K57 - Dùng cho các dòng máy in: XPRINTER, EPSON, BIXOLON, COGNITIVE, BIRCH, YAMAFUJI,C USTOM, SUPER PRINTER, TOPCASH, ANTECH, DATAPRINT, APOS, TAWA PRP, ATP",180000,,https://salt.tikicdn.com/cache/280x280/ts/product/92/b4/19/0ee0cd843ce2f3adfaa79b8147c5dea7.png,1846
Hộp đựng ổ cứng 3.5 chuẩn SATA 50CM màu Đen Ugreen 221OL30847US Hàng chính hãng,138400,,https://salt.tikicdn.com/cache/280x280/ts/product/fe/16/15/e971553a8fae3866bcdabdd75f2e832c.jpeg,1846
Keo tản nhiệt VSPTECH MX-4 (4g) - lk1984 - hàng nhập khẩu,68000,,https://salt.tikicdn.com/cache/280x280/ts/product/d5/62/8b/48677127ffaea7dfd241ae18e3b637c3.jpg,1846
USB Thu Wifi cho PC - Laptop LB-Link - Hàng Chính Hãng,60000,,https://salt.tikicdn.com/cache/280x280/ts/product/e4/0c/73/f36ed9afa7fe8173abddc05b140de624.jpg,1846
"Hộp Đựng Ổ Cứng (HDD Box) 2.5"" Orico USB 3.0 Nhựa Trong Suốt cho Ổ HDD và SDD - Hàng Chính Hãng",148000,,https://salt.tikicdn.com/cache/280x280/ts/product/80/52/44/8aad85046bae946e8fd684179d452605.jpg,1846
Bộ Thu Wifi USB TP-Link TL-WN722N Chuẩn N 150Mbps - Hàng Chính Hãng,187200,,https://salt.tikicdn.com/cache/280x280/ts/product/00/2d/48/17f835d54ede08d23fd1df8ac57881a8.jpg,1846
USB 128GB Hoco - Hàng Chính Hãng,305000,,https://salt.tikicdn.com/cache/280x280/ts/product/42/a5/81/36ef462bd9c77f3e4aca60a476e5e70b.jpg,1846
Mực In Cho Máy HL-B series Brother TN-B022 Toner - Hàng Chính Hãng,455000,,https://salt.tikicdn.com/cache/280x280/ts/product/4f/56/27/2969e32fc4ca744286c08407073ed083.png,1846
Bộ Kích Sóng Wifi Repeater Băng Tần Kép AC750 TP-Link RE200 - Hàng Chính Hãng,291000,,https://salt.tikicdn.com/cache/280x280/media/catalog/product/r/e/re200_1.u425.d20160421.t110054.jpg,1846
Mực In Brother BT5000M Ink Cho DCP-T300/T700W/MFC-T800W (Đỏ) - Hàng Chính Hãng,116000,,https://salt.tikicdn.com/cache/280x280/ts/product/2e/a7/ca/7a1a79e22c40e3e05a1af65ba9e82e6f.png,1846
TP-Link  TL-WN823N - USB Wifi chuẩn N tốc độ 300Mbps - Hàng Chính Hãng,156000,,https://salt.tikicdn.com/cache/280x280/ts/product/6f/47/e5/4c46fca87cf10d93b7aa9dc11ebb5097.jpg,1846
Màn hình Gaming LG UltraGear 27G640A (27 Inch - IPS - 2K - 300Hz) - Hàng chính hãng,6740000,,https://salt.tikicdn.com/cache/280x280/ts/product/24/00/06/1e224a2af7a1b326340f0a4c1b3da944.png,1846
Màn hình Monitor Xiaomi 27 inch A27i ELA5345EU FHD/IPS/100HZ/6MS - Hàng Chính Hãng,2200000,,https://salt.tikicdn.com/cache/280x280/ts/product/fd/12/31/e82e4637fd601aa56202042b09324f65.jpg,1846
"Pin laptop Dell YRDD6, 42Wh - Hàng Nhập Khẩu",940000,,https://salt.tikicdn.com/cache/280x280/ts/product/de/d2/0d/776643976bd3d92da8a6dbbdc0c3d1d3.png,1846
USB Wifi 150Mbps TP-Link High Gain Wireless TL-WN722N - Hàng chính hãng,278000,,https://salt.tikicdn.com/cache/280x280/ts/product/e5/b2/c4/f73d44afdbbfd199563676e5875dd161.jpg,1846
"Brother TN-2385 Toner Mực Cho Máy In HL-L2321D, HL-2361DN, HL-2366DW, MFC-L2701D, MFC-L2701DW - Hàng Chính Hãng - 84XXH100119",490000,,https://salt.tikicdn.com/cache/280x280/ts/product/0d/a9/36/741933ef1f6ce54c7720dc84066d4aeb.jpg,1846
Bộ chia tín hiệu VGA 1 ra 2 FJGEAR FJ-2002 - Hàng Nhập Khẩu,68000,,https://salt.tikicdn.com/cache/280x280/ts/product/9e/c4/ee/5f7492d525394a8a2b010b6a25dcb1d1.jpg,1846
Màn hình MSI PRO MP242L 23.8 inch FHD IPS 100Hz 1ms - Hàng Chính Hãng,1840000,,https://salt.tikicdn.com/cache/280x280/ts/product/f3/3c/26/85b51898dae76bd2eb4a0094d9c65f10.png,1846
"Hộp mực 85A dành cho HP P1102 P1102w HP M1132 MFP, HP M1212NF Canon LBP 6030 6030w 6000 -Hàng chính hãng Alpha Cartridge",100800,,https://salt.tikicdn.com/cache/280x280/ts/product/7c/e0/ff/9b33b1974be6f88c613bc630d6f31158.jpg,1846
Hộp mực dành cho Máy in Brother DCP 2520dw 2540dw -HL-L2321D HL-2361DN HL-2366DW MFC-L2701D MFC-L2701DW - TN 2325/2385 Mới 100%-CÓ LỔ ĐỔ MỰC Hàng chính hãng Alpha Cartridge ,95200,,https://salt.tikicdn.com/cache/280x280/ts/product/3d/95/9c/a760ccf8c5b0ab522adeb91430701c4d.jpg,1846
"Ruy băng ERC 05, dùng cho máy in kim Máy dùng EPSON ERC-05 / 5 cái",156000,,https://salt.tikicdn.com/cache/280x280/ts/product/b3/9e/42/55b522a9dc4e40357786ffb31d3b5760.jpg,1846
"Dây nguồn máy tính laptop hàng xịn loại 1, dây dài 1 mét rưỡi, ổn định, chất lượng - Power cable laptop - Hàng chính hãng",48000,,https://salt.tikicdn.com/cache/280x280/ts/product/e9/d0/0e/07c62e6352cf68069f2955c0e43051ae.jpg,1846
SOAIY Bộ chuyển đổi tín hiệu từ AV sang HDMI Mini - Hàng Nhập Khẩu,148000,,https://salt.tikicdn.com/cache/280x280/ts/product/c1/5e/59/53696de9241450a54fdcc74d6bbb6c28.jpg,1846
"Ổ đĩa dvd rời cho laptop, desktop, máy tính bàn, ổ đĩa quang dvd rw gắn ngoài qua cổng USB hỗ trợ đọc, ghi đĩa dvd, cd không kén đĩa - Hàng chính hãng",334000,,https://salt.tikicdn.com/cache/280x280/ts/product/62/24/75/cb1ae19b5070dd4d1621959671fab4dc.jpg,1846
Sạc Tương Thích Cho Laptop Dell Inspiron N4110 N5110 N4010 N4030 N5010 19.5V 4.62A 90W Chân Kim To Size (7.4 X 5.0)Mm - TEEMO PC Hàng Nhập Khẩu,213000,,https://salt.tikicdn.com/cache/280x280/ts/product/ee/f5/a8/0c6d8e5b08fc0009229d67070236bb2d.jpg,1846
"Combo 10 cuộn giấy in nhiệt Oji K580x45 (80mm x 45mm) Chuyên dùng in bill, in hóa đơn bán hàng shop online, cửa hàng, quán Cafe,...Hàng chính hãng",52000,,https://salt.tikicdn.com/cache/280x280/ts/product/39/4d/79/63ec55b54c1076a68cdca77db6fa8c8b.jpg,1846
Hộp mực máy in HP 107a / 107w (có chip) hàng nhập khẩu - Dùng cho máy in HP Laser MFP 107a / 107w - Cartridge 107A / W1107A mới 100% [Full Box] ,144000,,https://salt.tikicdn.com/cache/280x280/ts/product/41/c4/8f/c98c1e7d24e550f0078f1e7b90a1fe7a.jpg,1846
"Hộp mực in 278A/326/328 cho máy in Canon LBP 6200d/LBP6230dn/LBP6230dw, HP P1560/P1566/P1600/P1606/M1536dnf - Hàng nhập khẩu",116000,,https://salt.tikicdn.com/cache/280x280/ts/product/85/e7/0b/ec783fcfcce9db0fb2398a5ee2b6e8b7.jpg,1846
"Hộp mực in 435A/436A/285A/312/313/325 cho máy in HP P1005/P1006/P1505/P1102/P1102W, Canon 6030/6030W - Hàng nhập khẩu",84000,,https://salt.tikicdn.com/cache/280x280/ts/product/29/f9/1a/fec38bf8a6c03290f82a8119a561266a.jpg,1846
"Combo 5 chai Mực Nạp LN 12A-26A dùng cho máy in Canon 2900, Hp 1020,... đậm đẹp, ít thải 140g + 1 Phễu - hàng chính hãng",124000,,https://salt.tikicdn.com/cache/280x280/ts/product/c1/6e/96/96f169db26bf08a115338a216ac618d8.jpg,1846
Hộp mực TN 1010/1020 Mực in Brother HL 1111-1201-1211 DCP 1511-1610-1616 MFC 1811-1901-1916 LOẠI TỐT CÓ HỘP Hàng chính hãng Alpha Cartridge,86400,,https://salt.tikicdn.com/cache/280x280/ts/product/dc/43/a1/ea8cefabe0e9ab181082e339528b5b80.jpg,1846
"Hộp mực 337 - Hộp mực Canon mf241d hàng nhập khẩu dùng cho máy in Canon MF211, MF212w, MF215, MF217w, MF220, MF221d, MF230, MF232w, MF235, MF237w, MF240, MF244dw, MF246dn, MF249dw, LBP 151dw - Cartridge 337 - 83A mới 100%",104000,,https://salt.tikicdn.com/cache/280x280/ts/product/09/57/9f/7b071f3701a8f9daee90808f29719773.jpg,1846
Đầu bấm mạng RJ45 Cat6 Ugreen 50962 (Hộp 50 cái) - Hàng chính hãng,108000,,https://salt.tikicdn.com/cache/280x280/ts/product/7b/81/67/bd396e41805d2908cfa3415de8db5b12.jpg,1846
[Combo 3 cuộn] Nhãn in Tepra SS12KW (LC-4WBN) - Chữ đen nền trắng 12mm x 8m - Hàng nhập khẩu,345000,,https://salt.tikicdn.com/cache/280x280/ts/product/47/53/26/0b094ea2b8a77a1326d6064c11bad549.jpg,1846
Bàn phím dùng cho Laptop Dell Inspiron 5420 Audi A4 - Hàng Nhập Khẩu New Seal,189529,,https://salt.tikicdn.com/cache/280x280/ts/product/34/5c/f2/80a6d1a98d45057679df9265002fc8b8.jpg,1846
Ổ Cứng Di Động WD My Passport Hàng Chính Hãng,1870000,,https://salt.tikicdn.com/cache/280x280/ts/product/ff/9a/ee/7f5f748e5bb46e641a4e4b32fd7ca49c.jpg,1846
Mực photocopy Thuận Phong MP3054 dùng cho máy Ricoh MP 2554/ 2555/ 3054/ 3055/ 3554/ 3555/ 4054/ 4055/ 5054/ 5055/ 6054/ 6055 - Hàng Chính Hãng,280000,,https://salt.tikicdn.com/cache/280x280/ts/product/1f/8d/55/95c2f1a67b313a29f12705baa43a33d8.jpg,1846
Máy in HP LaserJet M211dw (9YF83A) - Hàng chính hãng,3340000,,https://salt.tikicdn.com/cache/280x280/ts/product/0c/20/4e/6566092dc2b967d306e3e9a545e5a5ca.png,1846
"Hộp mực in 12A/FX9 - SAHA - Hộp mực dùng cho máy in Canon: LBP 2900, 3000, HP: LaserJet 1010, 1012, 1015, 1018, 1020, 1022, 3015, 3020, 3030, 3050, 3052, 3055, M1005MFP, M1319MFP",68000,,https://salt.tikicdn.com/cache/280x280/ts/product/ac/11/0d/36ca998ae92778d61b2fab01e3702d9c.jpg,1846
Mực in laser trắng đen Brother TN-B022 cho máy in HL-B series - Hàng chính hãng,470000,,https://salt.tikicdn.com/cache/280x280/ts/product/dc/c5/68/f22c497a7e14ed6a1d48ed4a406e20d9.jpg,1846
Router Wifi Linksys E5600-AH Max-Stream AC1200 MU-MIMO GIGABIT - Hàng Chính Hãng,799000,,https://salt.tikicdn.com/cache/280x280/ts/product/44/67/1d/d3e88398ba9b2a27b085e747494cebdc.jpg,1846
Bộ Phát Wifi TP-Link Archer C54 Băng Tần Kép Chuẩn AC1200 - Hàng Chính Hãng,405000,,https://salt.tikicdn.com/cache/280x280/ts/product/c8/29/51/33a6fb7ac618012848f078d0513d2fc3.jpg,1846
"Giấy in nhiệt K80X45mm - Giấy in Bill K80 - Giấy in hóa đơn K80 - Dùng cho các dòng máy in: XPRINTER, EPSON, BIXOLON, COGNITIVE, BIRCH, YAMAFUJI,C USTOM, SUPER PRINTER, TOPCASH, ANTECH, DATAPRINT, APOS, TAWA PRP, ATP",6400,,https://salt.tikicdn.com/cache/280x280/ts/product/bc/8d/37/de7d2f6f6415c71117ecc671b0fca301.jpg,1846
"Hộp mực in SAHA TN-2385 cho máy in Brother HL - L2321D / L2361DN / L2366DW, MFC - L2701D/DW, CPL2520D - Hàng chính hãng",88000,,https://salt.tikicdn.com/cache/280x280/ts/product/33/89/99/6b4bc201049e29f1ee86ff9bd2a099cc.jpg,1846
Màn Hình ViewSonic VA2732-H-2 27inch 100Hz IPS - Hàng Chính Hãng,2100000,,https://salt.tikicdn.com/cache/280x280/ts/product/5d/bd/e5/8e75552a165a0d904c57b35a086d5f20.jpg,1846
Bộ Chuyển Đổi USB Wifi TP-Link Archer T2U Plus Công Suất Cao AC600 - Hàng Chính Hãng,255000,,https://salt.tikicdn.com/cache/280x280/ts/product/70/b8/1e/5c3bca288b8012ba056ecbbbfcc0a666.jpg,1846
"Phần mềm Office Home 2024 (EP2-06811) | Dùng vĩnh viễn | Dành cho 1 thiết bị | Word, Excel, PowerPoint",2340000,,https://salt.tikicdn.com/cache/280x280/ts/product/c0/fe/17/05debba58babe6693407897ab067315f.png,1846
Hộp Mực Premium TN2385/ TN2325 Cho Máy In Brother HL-2360/2361 - Hàng Nhập Khẩu,93200,,https://salt.tikicdn.com/cache/280x280/ts/product/90/3e/fe/6ef0274a0be927e64bddb139b02033c6.jpg,1846
"Hộp mực 48A cho máy in HP LaserJet Pro M15a, M28a, M28w",123200,,https://salt.tikicdn.com/cache/280x280/media/catalog/producttmp/78/52/c2/bfd833ae5897dddfc38c3d7239b2aa27.jpg,1846
Phần Mềm Diệt Virus Trend Micro Internet Security Bản Quyền 1 PC 12 Tháng - Hàng chính hãng,77600,,https://salt.tikicdn.com/cache/280x280/ts/product/96/c5/8b/2c20ea27b1f464c6da914c9e3dc6e600.jpg,1846
TP-Link  TL-SF1016D - Switch Chia Tín Hiệu Để Bàn 16 Cổng 10/100Mbps - Hàng Chính Hãng,446000,,https://salt.tikicdn.com/cache/280x280/ts/product/c4/53/8d/d6d8d2bd5b03d7079dc3bb25d58ae738.jpg,1846
"Máy Tính Học Sinh FX-570ES PLUS Bảo Hành 7 Năm, Hàng Chính Hãng",250000,,https://salt.tikicdn.com/cache/280x280/ts/product/e9/30/f7/c831c4c7e028a04b57104c425becb030.png,1922
[Hàng Bán Chạy] Máy tính học sinh Fx-580VN PLUS Bảo Hành 7 Năm,500000,,https://salt.tikicdn.com/cache/280x280/ts/product/b3/57/31/d479edff82fceccf264ba71d21eda97a.png,1922
Máy tính học sinh FX-500MS PLUS Bảo Hành 7 Năm,168000,,https://salt.tikicdn.com/cache/280x280/ts/product/3f/39/57/d0a6e69fe526fd47c0c57834276fbb69.png,1922
Máy tính học sinh Fx-570ES PLUS Bảo Hành 7 Năm,270000,,https://salt.tikicdn.com/cache/280x280/ts/product/90/db/4c/6d895c428d1ce93717e6d4ba35fc5094.png,1922
Máy Tính CASIO FX-880 BTG ( Lựa Chọn Màu Sắc ),660000,,https://salt.tikicdn.com/cache/280x280/ts/product/78/5b/f1/fb8fb5a5670778fd3b054d3954702053.jpg,1922
Máy tính học sinh CASIO FX- 500MS (new),290000,,https://salt.tikicdn.com/cache/280x280/ts/product/c4/82/dc/7fa2ee6ac291df56898514d77e00c592.png,1922
Máy Tính Khoa Học Casio FX-580VN X sắc màu mới,719000,,https://salt.tikicdn.com/cache/280x280/ts/product/b5/38/d6/10428ce59f9fbe3f7acdfc5581dc1c8f.jpg,1922
Máy Tính CASIO FX580VN X-PK (Màu,659000,,https://salt.tikicdn.com/cache/280x280/ts/product/4e/b4/93/83f3d533905aac2c1d329e1964754bb7.jpg,1922
Máy Tính CASIO FX570ESPLUS-NEW (TL),415000,,https://salt.tikicdn.com/cache/280x280/ts/product/2c/ee/20/e42e10611f26263290ca18d7789896d7.jpg,1922
Máy Tính Khoa Học Deli E1710A,160000,,https://salt.tikicdn.com/cache/280x280/ts/product/d8/74/f6/ca48139e999b52244d20ca23288cf48e.jpg,1922
Máy Tính VINACAL 680EX Plus,670000,,https://salt.tikicdn.com/cache/280x280/ts/product/18/bd/36/62e2007d4a53baba60ae89cefb87f82f.jpg,1922
Máy Tính CASIO FX570VNPLUS-2 (TL) Tặng kèm 2 bút bi,595000,,https://salt.tikicdn.com/cache/280x280/ts/product/f7/e4/33/122357cf8088c8dd3d118476701ff1f2.png,1922
"Máy tính học sinh Fx-570VN PLUS Phù Hợp Cho Học Sinh Lớp 6 Đến Đại Học, Bảo Hành 7 Năm",340000,,https://salt.tikicdn.com/cache/280x280/ts/product/9f/bf/ce/e2d0e735ca8c2bca4540ddf303c87652.png,1922
Máy tính Casio FX580VNX - Tặng 01 tập giấy Note Hàn Quốc,740000,,https://salt.tikicdn.com/cache/280x280/ts/product/39/4c/d2/2ae1a2cf40dfac2cd304cc6ce6de9e8a.jpg,1922
Máy tính Casio FX-580VN - Khuyến mại 02 cây bút bi,742000,,https://salt.tikicdn.com/cache/280x280/ts/product/39/4c/d2/ab122255c68aad90ae33dbb28f551448.jpg,1922
Máy Tính Khoa Học Deli D991ES (Được Phép Mang Vào Phòng Thi),390000,,https://salt.tikicdn.com/cache/280x280/ts/product/03/30/22/431bce8d0f9503d72952cc00a51b4599.jpg,1922
Máy Tính Khoa Học Casio FX-580VN X,683000,,https://salt.tikicdn.com/cache/280x280/ts/product/88/06/8f/79165cb73b33931e9716152dab932640.jpg,1922
Máy Tính Học Sinh CASIO FX 500MS,290000,,https://salt.tikicdn.com/cache/280x280/ts/product/c4/82/dc/717eccf87ccebb7f81ad695d99477a26.png,1922
